date,3M,2Y,5Y,10Y,30Y
2019-01-02,2.42,2.5,2.49,2.66,2.97
2019-01-03,2.41,2.39,2.37,2.56,2.92
2019-01-04,2.42,2.5,2.49,2.67,2.98
2019-01-07,2.45,2.53,2.53,2.7,2.99
2019-01-08,2.46,2.58,2.58,2.73,3.0
2019-01-09,2.45,2.56,2.57,2.74,3.03
2019-01-10,2.43,2.56,2.56,2.74,3.06
2019-01-11,2.43,2.55,2.52,2.71,3.04
2019-01-14,2.45,2.53,2.53,2.71,3.06
2019-01-15,2.45,2.53,2.53,2.72,3.08
2019-01-16,2.43,2.55,2.54,2.73,3.07
2019-01-17,2.42,2.56,2.58,2.75,3.07
2019-01-18,2.41,2.62,2.62,2.79,3.09
2019-01-22,2.43,2.58,2.57,2.74,3.06
2019-01-23,2.41,2.58,2.59,2.76,3.07
2019-01-24,2.37,2.56,2.55,2.72,3.04
2019-01-25,2.39,2.6,2.59,2.76,3.06
2019-01-28,2.42,2.6,2.58,2.75,3.06
2019-01-29,2.42,2.56,2.55,2.72,3.04
2019-01-30,2.42,2.52,2.49,2.7,3.06
2019-01-31,2.41,2.45,2.43,2.63,2.99
2019-02-01,2.4,2.52,2.51,2.7,3.03
2019-02-04,2.42,2.53,2.53,2.73,3.06
2019-02-05,2.42,2.53,2.51,2.71,3.03
2019-02-06,2.42,2.52,2.5,2.7,3.03
2019-02-07,2.42,2.48,2.46,2.65,3.0
2019-02-08,2.43,2.45,2.44,2.63,2.97
2019-02-11,2.45,2.48,2.47,2.65,3.0
2019-02-12,2.43,2.5,2.49,2.68,3.02
2019-02-13,2.44,2.53,2.53,2.71,3.04
2019-02-14,2.43,2.5,2.48,2.66,3.01
2019-02-15,2.43,2.52,2.49,2.66,3.0
2019-02-19,2.45,2.5,2.47,2.65,2.99
2019-02-20,2.45,2.5,2.47,2.65,3.0
2019-02-21,2.45,2.53,2.51,2.69,3.05
2019-02-22,2.46,2.48,2.47,2.65,3.02
2019-02-25,2.47,2.51,2.48,2.67,3.03
2019-02-26,2.45,2.48,2.45,2.64,3.01
2019-02-27,2.45,2.5,2.49,2.69,3.07
2019-02-28,2.45,2.52,2.52,2.73,3.09
2019-03-01,2.44,2.55,2.56,2.76,3.13
2019-03-04,2.46,2.55,2.53,2.72,3.09
2019-03-05,2.46,2.55,2.53,2.72,3.08
2019-03-06,2.47,2.52,2.49,2.69,3.06
2019-03-07,2.45,2.47,2.44,2.64,3.03
2019-03-08,2.46,2.45,2.42,2.62,3.0
2019-03-11,2.46,2.47,2.44,2.64,3.03
2019-03-12,2.46,2.45,2.41,2.61,3.0
2019-03-13,2.45,2.45,2.42,2.61,3.02
2019-03-14,2.45,2.46,2.43,2.63,3.04
2019-03-15,2.45,2.43,2.4,2.59,3.02
2019-03-18,2.44,2.45,2.42,2.6,3.01
2019-03-19,2.46,2.46,2.42,2.61,3.02
2019-03-20,2.48,2.4,2.34,2.54,2.98
2019-03-21,2.49,2.41,2.34,2.54,2.96
2019-03-22,2.46,2.31,2.24,2.44,2.88
2019-03-25,2.46,2.26,2.21,2.43,2.87
2019-03-26,2.46,2.24,2.18,2.41,2.86
2019-03-27,2.44,2.22,2.18,2.39,2.83
2019-03-28,2.43,2.23,2.2,2.39,2.81
2019-03-29,2.4,2.27,2.23,2.41,2.81
2019-04-01,2.43,2.33,2.31,2.49,2.89
2019-04-02,2.42,2.3,2.28,2.48,2.88
2019-04-03,2.44,2.33,2.32,2.52,2.93
2019-04-04,2.44,2.33,2.32,2.51,2.92
2019-04-05,2.44,2.35,2.31,2.5,2.91
2019-04-08,2.43,2.36,2.33,2.52,2.93
2019-04-09,2.42,2.35,2.31,2.51,2.92
2019-04-10,2.43,2.31,2.28,2.48,2.9
2019-04-11,2.43,2.35,2.31,2.51,2.94
2019-04-12,2.44,2.4,2.38,2.56,2.97
2019-04-15,2.43,2.4,2.37,2.55,2.96
2019-04-16,2.43,2.41,2.41,2.6,2.99
2019-04-17,2.44,2.4,2.4,2.59,2.99
2019-04-18,2.42,2.38,2.38,2.57,2.96
2019-04-22,2.44,2.38,2.39,2.59,2.99
2019-04-23,2.45,2.36,2.36,2.57,2.98
2019-04-24,2.44,2.32,2.32,2.53,2.94
2019-04-25,2.43,2.33,2.33,2.54,2.94
2019-04-26,2.42,2.28,2.29,2.51,2.92
2019-04-29,2.44,2.3,2.32,2.54,2.96
2019-04-30,2.43,2.27,2.28,2.51,2.93
2019-05-01,2.43,2.31,2.31,2.52,2.92
2019-05-02,2.47,2.35,2.34,2.55,2.94
2019-05-03,2.43,2.33,2.33,2.54,2.93
2019-05-06,2.44,2.31,2.3,2.51,2.91
2019-05-07,2.43,2.28,2.25,2.45,2.86
2019-05-08,2.43,2.3,2.28,2.49,2.89
2019-05-09,2.43,2.26,2.25,2.45,2.87
2019-05-10,2.43,2.26,2.26,2.47,2.89
2019-05-13,2.41,2.18,2.18,2.4,2.83
2019-05-14,2.41,2.2,2.2,2.42,2.86
2019-05-15,2.42,2.16,2.15,2.37,2.82
2019-05-16,2.4,2.2,2.18,2.4,2.84
2019-05-17,2.39,2.2,2.17,2.39,2.82
2019-05-20,2.39,2.21,2.21,2.41,2.83
2019-05-21,2.39,2.26,2.23,2.43,2.84
2019-05-22,2.38,2.23,2.19,2.39,2.82
2019-05-23,2.37,2.12,2.11,2.31,2.75
2019-05-24,2.35,2.16,2.12,2.32,2.75
2019-05-28,2.37,2.12,2.06,2.26,2.7
2019-05-29,2.37,2.09,2.05,2.25,2.69
2019-05-30,2.38,2.06,2.03,2.22,2.65
2019-05-31,2.35,1.95,1.93,2.14,2.58
2019-06-03,2.35,1.82,1.83,2.07,2.53
2019-06-04,2.35,1.88,1.89,2.12,2.6
2019-06-05,2.35,1.83,1.86,2.12,2.63
2019-06-06,2.33,1.88,1.88,2.12,2.62
2019-06-07,2.28,1.85,1.85,2.09,2.57
2019-06-10,2.29,1.9,1.91,2.15,2.62
2019-06-11,2.27,1.93,1.92,2.15,2.62
2019-06-12,2.24,1.88,1.88,2.13,2.62
2019-06-13,2.19,1.83,1.84,2.1,2.61
2019-06-14,2.2,1.84,1.85,2.09,2.59
2019-06-17,2.23,1.86,1.85,2.09,2.58
2019-06-18,2.22,1.86,1.83,2.06,2.55
2019-06-19,2.18,1.74,1.77,2.03,2.54
2019-06-20,2.14,1.72,1.74,2.01,2.53
2019-06-21,2.11,1.77,1.8,2.07,2.59
2019-06-24,2.13,1.72,1.75,2.02,2.55
2019-06-25,2.12,1.71,1.73,2.0,2.53
2019-06-26,2.15,1.77,1.8,2.05,2.57
2019-06-27,2.14,1.74,1.76,2.01,2.52
2019-06-28,2.12,1.75,1.76,2.0,2.52
2019-07-01,2.21,1.78,1.79,2.03,2.55
2019-07-02,2.2,1.77,1.75,1.98,2.51
2019-07-03,2.21,1.77,1.74,1.96,2.47
2019-07-05,2.23,1.87,1.84,2.04,2.54
2019-07-08,2.26,1.88,1.86,2.05,2.53
2019-07-09,2.26,1.92,1.88,2.07,2.54
2019-07-10,2.2,1.82,1.82,2.07,2.57
2019-07-11,2.17,1.85,1.88,2.13,2.65
2019-07-12,2.14,1.84,1.86,2.12,2.64
2019-07-15,2.16,1.83,1.84,2.09,2.61
2019-07-16,2.15,1.87,1.88,2.13,2.63
2019-07-17,2.14,1.83,1.83,2.06,2.57
2019-07-18,2.05,1.77,1.78,2.04,2.56
2019-07-19,2.06,1.8,1.8,2.05,2.57
2019-07-22,2.09,1.8,1.8,2.05,2.58
2019-07-23,2.06,1.83,1.83,2.08,2.61
2019-07-24,2.1,1.83,1.82,2.05,2.58
2019-07-25,2.1,1.86,1.85,2.08,2.6
2019-07-26,2.12,1.86,1.85,2.08,2.59
2019-07-29,2.12,1.85,1.84,2.06,2.59
2019-07-30,2.08,1.85,1.84,2.06,2.58
2019-07-31,2.08,1.89,1.84,2.02,2.53
2019-08-01,2.07,1.73,1.68,1.9,2.44
2019-08-02,2.06,1.72,1.66,1.86,2.39
2019-08-05,2.05,1.59,1.55,1.75,2.3
2019-08-06,2.05,1.6,1.53,1.73,2.25
2019-08-07,2.02,1.59,1.52,1.71,2.22
2019-08-08,2.02,1.62,1.54,1.72,2.25
2019-08-09,2.0,1.63,1.57,1.74,2.26
2019-08-12,2.0,1.58,1.49,1.65,2.14
2019-08-13,2.0,1.66,1.57,1.68,2.15
2019-08-14,1.96,1.58,1.51,1.59,2.03
2019-08-15,1.91,1.48,1.42,1.52,1.98
2019-08-16,1.87,1.48,1.42,1.55,2.01
2019-08-19,1.94,1.53,1.47,1.6,2.08
2019-08-20,1.94,1.5,1.42,1.55,2.04
2019-08-21,1.97,1.56,1.47,1.59,2.07
2019-08-22,2.0,1.61,1.5,1.62,2.11
2019-08-23,1.97,1.51,1.4,1.52,2.02
2019-08-26,2.01,1.54,1.43,1.54,2.04
2019-08-27,1.98,1.53,1.4,1.49,1.97
2019-08-28,1.99,1.5,1.37,1.47,1.94
2019-08-29,1.99,1.53,1.4,1.5,1.97
2019-08-30,1.99,1.5,1.39,1.5,1.96
2019-09-03,1.98,1.47,1.35,1.47,1.95
2019-09-04,1.97,1.43,1.32,1.47,1.97
2019-09-05,1.97,1.55,1.43,1.57,2.06
2019-09-06,1.96,1.53,1.42,1.55,2.02
2019-09-09,1.96,1.58,1.49,1.63,2.11
2019-09-10,1.95,1.67,1.58,1.72,2.19
2019-09-11,1.96,1.68,1.6,1.75,2.22
2019-09-12,1.95,1.72,1.65,1.79,2.22
2019-09-13,1.96,1.79,1.75,1.9,2.37
2019-09-16,1.99,1.74,1.69,1.84,2.31
2019-09-17,1.99,1.72,1.66,1.81,2.27
2019-09-18,1.95,1.77,1.68,1.8,2.25
2019-09-19,1.93,1.74,1.66,1.79,2.22
2019-09-20,1.91,1.69,1.61,1.74,2.17
2019-09-23,1.94,1.68,1.59,1.72,2.16
2019-09-24,1.92,1.6,1.52,1.64,2.09
2019-09-25,1.89,1.68,1.6,1.73,2.18
2019-09-26,1.83,1.66,1.59,1.7,2.15
2019-09-27,1.8,1.63,1.56,1.69,2.13
2019-09-30,1.88,1.63,1.55,1.68,2.12
2019-10-01,1.82,1.56,1.51,1.65,2.11
2019-10-02,1.79,1.48,1.43,1.6,2.09
2019-10-03,1.7,1.39,1.34,1.54,2.04
2019-10-04,1.71,1.4,1.34,1.52,2.01
2019-10-07,1.75,1.46,1.38,1.56,2.05
2019-10-08,1.72,1.42,1.36,1.54,2.04
2019-10-09,1.69,1.47,1.4,1.59,2.08
2019-10-10,1.68,1.53,1.48,1.67,2.16
2019-10-11,1.68,1.63,1.59,1.76,2.22
2019-10-15,1.67,1.61,1.59,1.77,2.23
2019-10-16,1.66,1.58,1.57,1.75,2.23
2019-10-17,1.66,1.6,1.57,1.76,2.24
2019-10-18,1.66,1.58,1.56,1.76,2.25
2019-10-21,1.67,1.62,1.61,1.8,2.28
2019-10-22,1.65,1.6,1.6,1.78,2.26
2019-10-23,1.65,1.58,1.58,1.77,2.25
2019-10-24,1.67,1.58,1.58,1.77,2.26
2019-10-25,1.66,1.63,1.62,1.8,2.29
2019-10-28,1.65,1.64,1.66,1.85,2.34
2019-10-29,1.63,1.64,1.66,1.84,2.33
2019-10-30,1.62,1.61,1.61,1.78,2.26
2019-10-31,1.54,1.52,1.51,1.69,2.17
2019-11-01,1.52,1.56,1.55,1.73,2.21
2019-11-04,1.53,1.6,1.6,1.79,2.27
2019-11-05,1.56,1.63,1.66,1.86,2.34
2019-11-06,1.56,1.61,1.63,1.81,2.3
2019-11-07,1.56,1.68,1.74,1.92,2.4
2019-11-08,1.55,1.68,1.74,1.94,2.43
2019-11-12,1.59,1.66,1.73,1.92,2.39
2019-11-13,1.57,1.63,1.69,1.88,2.36
2019-11-14,1.57,1.58,1.63,1.82,2.31
2019-11-15,1.57,1.61,1.65,1.84,2.31
2019-11-18,1.57,1.6,1.63,1.81,2.3
2019-11-19,1.57,1.6,1.63,1.79,2.26
2019-11-20,1.57,1.56,1.58,1.73,2.2
2019-11-21,1.58,1.6,1.62,1.77,2.24
2019-11-22,1.58,1.61,1.62,1.77,2.22
2019-11-25,1.61,1.61,1.62,1.76,2.21
2019-11-26,1.6,1.58,1.58,1.74,2.18
2019-11-27,1.62,1.63,1.63,1.77,2.19
2019-11-29,1.59,1.61,1.62,1.78,2.21
2019-12-02,1.6,1.61,1.65,1.83,2.28
2019-12-03,1.57,1.53,1.54,1.72,2.17
2019-12-04,1.55,1.58,1.6,1.77,2.22
2019-12-05,1.54,1.58,1.62,1.8,2.24
2019-12-06,1.53,1.61,1.67,1.84,2.29
2019-12-09,1.54,1.63,1.67,1.83,2.27
2019-12-10,1.56,1.65,1.68,1.85,2.26
2019-12-11,1.57,1.61,1.64,1.79,2.23
2019-12-12,1.56,1.66,1.73,1.9,2.32
2019-12-13,1.57,1.61,1.66,1.82,2.26
2019-12-16,1.57,1.65,1.72,1.89,2.3
2019-12-17,1.56,1.63,1.71,1.89,2.31
2019-12-18,1.56,1.63,1.74,1.92,2.35
2019-12-19,1.57,1.62,1.73,1.92,2.35
2019-12-20,1.58,1.63,1.73,1.92,2.34
2019-12-23,1.59,1.64,1.75,1.93,2.35
2019-12-24,1.58,1.62,1.72,1.9,2.33
2019-12-26,1.58,1.64,1.72,1.9,2.33
2019-12-27,1.57,1.59,1.68,1.88,2.32
2019-12-30,1.57,1.58,1.68,1.9,2.34
2019-12-31,1.55,1.58,1.69,1.92,2.39
2020-01-02,1.54,1.58,1.67,1.88,2.33
2020-01-03,1.52,1.53,1.59,1.8,2.26
2020-01-06,1.56,1.54,1.61,1.81,2.28
2020-01-07,1.54,1.54,1.62,1.83,2.31
2020-01-08,1.54,1.58,1.67,1.87,2.35
2020-01-09,1.54,1.58,1.65,1.85,2.38
2020-01-10,1.54,1.56,1.63,1.83,2.28
2020-01-13,1.57,1.58,1.65,1.85,2.3
2020-01-14,1.57,1.58,1.63,1.82,2.27
2020-01-15,1.57,1.56,1.6,1.79,2.23
2020-01-16,1.55,1.58,1.63,1.81,2.26
2020-01-17,1.56,1.58,1.63,1.84,2.29
2020-01-21,1.56,1.53,1.57,1.78,2.23
2020-01-22,1.55,1.53,1.57,1.77,2.22
2020-01-23,1.55,1.51,1.55,1.74,2.18
2020-01-24,1.54,1.49,1.51,1.7,2.14
2020-01-27,1.55,1.44,1.44,1.61,2.05
2020-01-28,1.57,1.45,1.47,1.65,2.1
2020-01-29,1.56,1.42,1.41,1.6,2.05
2020-01-30,1.57,1.41,1.39,1.57,2.04
2020-01-31,1.55,1.33,1.32,1.51,1.99
2020-02-03,1.57,1.36,1.35,1.54,2.01
2020-02-04,1.57,1.41,1.42,1.61,2.08
2020-02-05,1.57,1.44,1.46,1.66,2.14
2020-02-06,1.57,1.44,1.45,1.65,2.11
2020-02-07,1.56,1.41,1.41,1.59,2.05
2020-02-10,1.58,1.37,1.38,1.56,2.03
2020-02-11,1.57,1.41,1.4,1.59,2.05
2020-02-12,1.58,1.44,1.45,1.62,2.09
2020-02-13,1.59,1.44,1.43,1.61,2.07
2020-02-14,1.58,1.42,1.42,1.59,2.04
2020-02-18,1.58,1.41,1.39,1.55,2.0
2020-02-19,1.58,1.42,1.41,1.56,2.01
2020-02-20,1.58,1.39,1.37,1.52,1.97
2020-02-21,1.56,1.34,1.3,1.46,1.9
2020-02-24,1.53,1.26,1.21,1.38,1.84
2020-02-25,1.53,1.2,1.16,1.33,1.8
2020-02-26,1.53,1.16,1.14,1.33,1.81
2020-02-27,1.45,1.11,1.11,1.3,1.79
2020-02-28,1.27,0.86,0.89,1.13,1.65
2020-03-02,1.13,0.84,0.88,1.1,1.66
2020-03-03,0.95,0.71,0.77,1.02,1.64
2020-03-04,0.72,0.67,0.75,1.02,1.67
2020-03-05,0.62,0.59,0.67,0.92,1.56
2020-03-06,0.45,0.49,0.58,0.74,1.25
2020-03-09,0.33,0.38,0.46,0.54,0.99
2020-03-10,0.44,0.5,0.63,0.76,1.28
2020-03-11,0.42,0.5,0.66,0.82,1.3
2020-03-12,0.33,0.5,0.66,0.88,1.49
2020-03-13,0.28,0.49,0.7,0.94,1.56
2020-03-16,0.24,0.36,0.49,0.73,1.34
2020-03-17,0.19,0.47,0.66,1.02,1.63
2020-03-18,0.02,0.54,0.79,1.18,1.77
2020-03-19,0.04,0.44,0.66,1.12,1.78
2020-03-20,0.05,0.37,0.52,0.92,1.55
2020-03-23,0.02,0.28,0.38,0.76,1.33
2020-03-24,0.01,0.38,0.52,0.84,1.39
2020-03-25,0.0,0.34,0.56,0.88,1.45
2020-03-26,0.0,0.3,0.51,0.83,1.42
2020-03-27,0.03,0.25,0.41,0.72,1.29
2020-03-30,0.12,0.23,0.39,0.7,1.31
2020-03-31,0.11,0.23,0.37,0.7,1.35
2020-04-01,0.09,0.23,0.37,0.62,1.27
2020-04-02,0.09,0.23,0.39,0.63,1.26
2020-04-03,0.1,0.23,0.39,0.62,1.24
2020-04-06,0.15,0.27,0.44,0.67,1.27
2020-04-07,0.14,0.28,0.48,0.75,1.32
2020-04-08,0.22,0.27,0.47,0.77,1.37
2020-04-09,0.25,0.23,0.41,0.73,1.35
2020-04-13,0.26,0.25,0.44,0.76,1.39
2020-04-14,0.2,0.23,0.42,0.76,1.41
2020-04-15,0.14,0.2,0.34,0.63,1.27
2020-04-16,0.14,0.2,0.35,0.61,1.21
2020-04-17,0.12,0.2,0.36,0.65,1.27
2020-04-20,0.12,0.2,0.35,0.63,1.23
2020-04-21,0.11,0.2,0.34,0.58,1.17
2020-04-22,0.12,0.22,0.37,0.63,1.22
2020-04-23,0.11,0.22,0.37,0.61,1.18
2020-04-24,0.12,0.22,0.36,0.6,1.17
2020-04-27,0.12,0.24,0.41,0.67,1.25
2020-04-28,0.11,0.2,0.37,0.62,1.2
2020-04-29,0.1,0.2,0.36,0.63,1.24
2020-04-30,0.09,0.2,0.36,0.64,1.28
2020-05-01,0.12,0.2,0.36,0.64,1.27
2020-05-04,0.13,0.19,0.36,0.64,1.29
2020-05-05,0.13,0.19,0.36,0.66,1.32
2020-05-06,0.12,0.17,0.37,0.72,1.41
2020-05-07,0.11,0.13,0.29,0.63,1.31
2020-05-08,0.12,0.16,0.33,0.69,1.39
2020-05-11,0.12,0.17,0.36,0.73,1.43
2020-05-12,0.13,0.17,0.34,0.69,1.38
2020-05-13,0.13,0.16,0.31,0.64,1.35
2020-05-14,0.12,0.16,0.31,0.63,1.3
2020-05-15,0.12,0.16,0.31,0.64,1.32
2020-05-18,0.13,0.18,0.38,0.73,1.44
2020-05-19,0.13,0.17,0.35,0.7,1.43
2020-05-20,0.12,0.16,0.34,0.68,1.4
2020-05-21,0.12,0.17,0.35,0.68,1.4
2020-05-22,0.12,0.17,0.34,0.66,1.37
2020-05-26,0.14,0.18,0.35,0.69,1.43
2020-05-27,0.15,0.19,0.34,0.68,1.44
2020-05-28,0.15,0.17,0.34,0.7,1.47
2020-05-29,0.14,0.16,0.3,0.65,1.41
2020-06-01,0.14,0.14,0.31,0.66,1.46
2020-06-02,0.15,0.17,0.32,0.68,1.48
2020-06-03,0.16,0.19,0.38,0.77,1.56
2020-06-04,0.15,0.19,0.4,0.82,1.61
2020-06-05,0.15,0.22,0.47,0.91,1.68
2020-06-08,0.17,0.22,0.45,0.88,1.65
2020-06-09,0.19,0.2,0.4,0.84,1.59
2020-06-10,0.17,0.17,0.33,0.75,1.53
2020-06-11,0.17,0.19,0.32,0.66,1.41
2020-06-12,0.16,0.19,0.33,0.71,1.45
2020-06-15,0.18,0.19,0.33,0.71,1.45
2020-06-16,0.17,0.21,0.34,0.75,1.54
2020-06-17,0.17,0.19,0.34,0.74,1.52
2020-06-18,0.16,0.19,0.34,0.71,1.47
2020-06-19,0.15,0.19,0.33,0.7,1.47
2020-06-22,0.16,0.19,0.34,0.71,1.46
2020-06-23,0.16,0.18,0.33,0.72,1.49
2020-06-24,0.15,0.19,0.33,0.69,1.44
2020-06-25,0.16,0.17,0.32,0.68,1.43
2020-06-26,0.14,0.17,0.3,0.64,1.37
2020-06-29,0.14,0.16,0.28,0.64,1.39
2020-06-30,0.16,0.16,0.29,0.66,1.41
2020-07-01,0.14,0.17,0.31,0.69,1.43
2020-07-02,0.14,0.16,0.29,0.68,1.43
2020-07-06,0.15,0.16,0.31,0.69,1.45
2020-07-07,0.15,0.16,0.29,0.65,1.38
2020-07-08,0.15,0.16,0.3,0.67,1.39
2020-07-09,0.13,0.16,0.28,0.62,1.32
2020-07-10,0.13,0.16,0.3,0.65,1.33
2020-07-13,0.14,0.16,0.3,0.64,1.33
2020-07-14,0.15,0.14,0.28,0.63,1.3
2020-07-15,0.16,0.16,0.28,0.64,1.33
2020-07-16,0.11,0.16,0.28,0.62,1.31
2020-07-17,0.11,0.14,0.29,0.64,1.33
2020-07-20,0.13,0.16,0.29,0.62,1.32
2020-07-21,0.13,0.14,0.27,0.61,1.31
2020-07-22,0.13,0.14,0.27,0.6,1.29
2020-07-23,0.12,0.16,0.27,0.59,1.24
2020-07-24,0.11,0.14,0.27,0.59,1.23
2020-07-27,0.11,0.15,0.3,0.62,1.25
2020-07-28,0.11,0.14,0.26,0.59,1.22
2020-07-29,0.11,0.12,0.25,0.58,1.24
2020-07-30,0.09,0.11,0.23,0.55,1.2
2020-07-31,0.09,0.11,0.21,0.55,1.2
2020-08-03,0.1,0.11,0.22,0.56,1.23
2020-08-04,0.09,0.11,0.19,0.52,1.19
2020-08-05,0.1,0.11,0.22,0.55,1.22
2020-08-06,0.1,0.11,0.21,0.55,1.2
2020-08-07,0.1,0.13,0.23,0.57,1.23
2020-08-10,0.11,0.14,0.24,0.59,1.25
2020-08-11,0.11,0.16,0.27,0.64,1.32
2020-08-12,0.11,0.16,0.3,0.69,1.37
2020-08-13,0.1,0.16,0.32,0.71,1.42
2020-08-14,0.1,0.14,0.29,0.71,1.45
2020-08-17,0.1,0.14,0.29,0.69,1.43
2020-08-18,0.09,0.14,0.27,0.67,1.4
2020-08-19,0.11,0.14,0.29,0.68,1.42
2020-08-20,0.11,0.13,0.26,0.65,1.38
2020-08-21,0.1,0.16,0.27,0.64,1.35
2020-08-24,0.12,0.14,0.28,0.65,1.35
2020-08-25,0.11,0.15,0.3,0.69,1.39
2020-08-26,0.11,0.16,0.28,0.69,1.41
2020-08-27,0.11,0.16,0.31,0.74,1.5
2020-08-28,0.1,0.14,0.28,0.74,1.52
2020-08-31,0.11,0.14,0.28,0.72,1.49
2020-09-01,0.12,0.13,0.26,0.68,1.43
2020-09-02,0.12,0.14,0.26,0.66,1.38
2020-09-03,0.11,0.13,0.24,0.63,1.34
2020-09-04,0.11,0.14,0.3,0.72,1.46
2020-09-08,0.13,0.14,0.28,0.69,1.43
2020-09-09,0.12,0.14,0.28,0.71,1.45
2020-09-10,0.12,0.14,0.26,0.68,1.43
2020-09-11,0.11,0.13,0.26,0.67,1.42
2020-09-14,0.11,0.14,0.27,0.68,1.42
2020-09-15,0.11,0.14,0.27,0.68,1.43
2020-09-16,0.12,0.14,0.28,0.69,1.45
2020-09-17,0.09,0.13,0.28,0.69,1.43
2020-09-18,0.1,0.14,0.29,0.7,1.45
2020-09-21,0.1,0.14,0.27,0.68,1.43
2020-09-22,0.1,0.13,0.27,0.68,1.42
2020-09-23,0.11,0.14,0.28,0.68,1.42
2020-09-24,0.1,0.14,0.27,0.67,1.4
2020-09-25,0.1,0.12,0.26,0.66,1.4
2020-09-28,0.11,0.14,0.26,0.67,1.42
2020-09-29,0.09,0.11,0.24,0.66,1.41
2020-09-30,0.1,0.13,0.28,0.69,1.46
2020-10-01,0.09,0.14,0.27,0.68,1.45
2020-10-02,0.09,0.13,0.28,0.7,1.48
2020-10-05,0.1,0.14,0.33,0.78,1.57
2020-10-06,0.1,0.14,0.32,0.76,1.56
2020-10-07,0.1,0.16,0.35,0.81,1.6
2020-10-08,0.09,0.13,0.33,0.78,1.57
2020-10-09,0.1,0.16,0.34,0.79,1.58
2020-10-13,0.11,0.16,0.31,0.74,1.52
2020-10-14,0.12,0.14,0.3,0.73,1.5
2020-10-15,0.11,0.14,0.32,0.74,1.52
2020-10-16,0.11,0.14,0.32,0.76,1.52
2020-10-19,0.11,0.16,0.34,0.78,1.55
2020-10-20,0.1,0.14,0.34,0.81,1.6
2020-10-21,0.1,0.14,0.36,0.83,1.62
2020-10-22,0.09,0.16,0.38,0.87,1.67
2020-10-23,0.1,0.18,0.37,0.85,1.64
2020-10-26,0.11,0.16,0.35,0.81,1.59
2020-10-27,0.1,0.16,0.34,0.79,1.57
2020-10-28,0.1,0.16,0.34,0.79,1.56
2020-10-29,0.09,0.16,0.38,0.85,1.62
2020-10-30,0.09,0.14,0.38,0.88,1.65
2020-11-02,0.09,0.16,0.38,0.87,1.63
2020-11-03,0.1,0.17,0.39,0.9,1.66
2020-11-04,0.1,0.14,0.33,0.78,1.55
2020-11-05,0.1,0.14,0.33,0.79,1.54
2020-11-06,0.1,0.16,0.36,0.83,1.6
2020-11-09,0.11,0.17,0.44,0.96,1.73
2020-11-10,0.1,0.19,0.46,0.98,1.75
2020-11-12,0.1,0.17,0.4,0.88,1.64
2020-11-13,0.09,0.17,0.41,0.89,1.65
2020-11-16,0.09,0.19,0.41,0.91,1.66
2020-11-17,0.09,0.18,0.39,0.87,1.62
2020-11-18,0.09,0.16,0.4,0.88,1.62
2020-11-19,0.07,0.18,0.39,0.86,1.58
2020-11-20,0.07,0.16,0.38,0.83,1.53
2020-11-23,0.08,0.16,0.39,0.86,1.56
2020-11-24,0.09,0.16,0.39,0.88,1.6
2020-11-25,0.09,0.17,0.39,0.88,1.62
2020-11-27,0.09,0.16,0.37,0.84,1.57
2020-11-30,0.08,0.16,0.36,0.84,1.58
2020-12-01,0.09,0.17,0.42,0.92,1.66
2020-12-02,0.09,0.16,0.42,0.95,1.7
2020-12-03,0.08,0.16,0.4,0.92,1.67
2020-12-04,0.09,0.16,0.42,0.97,1.73
2020-12-07,0.08,0.14,0.4,0.94,1.69
2020-12-08,0.09,0.14,0.39,0.92,1.67
2020-12-09,0.08,0.16,0.41,0.95,1.69
2020-12-10,0.08,0.14,0.39,0.92,1.65
2020-12-11,0.08,0.11,0.37,0.9,1.63
2020-12-14,0.09,0.13,0.37,0.9,1.63
2020-12-15,0.08,0.11,0.37,0.92,1.65
2020-12-16,0.09,0.13,0.37,0.92,1.66
2020-12-17,0.08,0.13,0.38,0.94,1.68
2020-12-18,0.08,0.13,0.39,0.95,1.7
2020-12-21,0.09,0.13,0.39,0.95,1.68
2020-12-22,0.09,0.13,0.37,0.93,1.65
2020-12-23,0.09,0.13,0.38,0.96,1.7
2020-12-24,0.09,0.13,0.37,0.94,1.66
2020-12-28,0.11,0.13,0.38,0.94,1.67
2020-12-29,0.1,0.12,0.37,0.94,1.67
2020-12-30,0.08,0.12,0.37,0.93,1.66
2020-12-31,0.09,0.13,0.36,0.93,1.65
2021-01-04,0.09,0.11,0.36,0.93,1.66
2021-01-05,0.09,0.13,0.38,0.96,1.7
2021-01-06,0.09,0.14,0.43,1.04,1.81
2021-01-07,0.09,0.14,0.46,1.08,1.85
2021-01-08,0.08,0.14,0.49,1.13,1.87
2021-01-11,0.08,0.14,0.5,1.15,1.88
2021-01-12,0.09,0.14,0.5,1.15,1.88
2021-01-13,0.09,0.14,0.48,1.1,1.82
2021-01-14,0.09,0.16,0.49,1.15,1.88
2021-01-15,0.09,0.13,0.46,1.11,1.85
2021-01-19,0.09,0.14,0.45,1.1,1.84
2021-01-20,0.08,0.13,0.45,1.1,1.84
2021-01-21,0.09,0.13,0.45,1.12,1.87
2021-01-22,0.08,0.13,0.44,1.1,1.85
2021-01-25,0.09,0.13,0.42,1.05,1.8
2021-01-26,0.07,0.11,0.42,1.05,1.8
2021-01-27,0.08,0.12,0.41,1.04,1.79
2021-01-28,0.07,0.12,0.42,1.07,1.81
2021-01-29,0.06,0.11,0.45,1.11,1.87
2021-02-01,0.07,0.11,0.42,1.09,1.84
2021-02-02,0.07,0.11,0.45,1.12,1.87
2021-02-03,0.04,0.11,0.46,1.15,1.92
2021-02-04,0.04,0.11,0.46,1.15,1.93
2021-02-05,0.03,0.09,0.47,1.19,1.97
2021-02-08,0.05,0.11,0.48,1.19,1.96
2021-02-09,0.04,0.11,0.48,1.18,1.95
2021-02-10,0.05,0.11,0.46,1.15,1.92
2021-02-11,0.05,0.11,0.46,1.16,1.94
2021-02-12,0.04,0.11,0.5,1.2,2.01
2021-02-16,0.04,0.13,0.57,1.3,2.08
2021-02-17,0.04,0.11,0.57,1.29,2.06
2021-02-18,0.03,0.11,0.56,1.29,2.08
2021-02-19,0.04,0.11,0.59,1.34,2.14
2021-02-22,0.03,0.11,0.61,1.37,2.19
2021-02-23,0.04,0.11,0.59,1.37,2.21
2021-02-24,0.03,0.12,0.62,1.38,2.24
2021-02-25,0.04,0.17,0.81,1.54,2.33
2021-02-26,0.04,0.14,0.75,1.44,2.17
2021-03-01,0.05,0.13,0.71,1.45,2.23
2021-03-02,0.04,0.13,0.67,1.42,2.21
2021-03-03,0.05,0.14,0.73,1.47,2.25
2021-03-04,0.04,0.14,0.77,1.54,2.3
2021-03-05,0.04,0.14,0.79,1.56,2.28
2021-03-08,0.05,0.17,0.86,1.59,2.31
2021-03-09,0.05,0.17,0.83,1.55,2.26
2021-03-10,0.04,0.16,0.8,1.53,2.24
2021-03-11,0.04,0.14,0.78,1.54,2.29
2021-03-12,0.04,0.14,0.85,1.64,2.4
2021-03-15,0.04,0.14,0.84,1.62,2.37
2021-03-16,0.02,0.15,0.83,1.62,2.38
2021-03-17,0.02,0.13,0.8,1.63,2.42
2021-03-18,0.01,0.16,0.86,1.71,2.45
2021-03-19,0.01,0.16,0.9,1.74,2.45
2021-03-22,0.03,0.15,0.87,1.69,2.38
2021-03-23,0.01,0.15,0.83,1.63,2.34
2021-03-24,0.02,0.14,0.83,1.62,2.31
2021-03-25,0.02,0.14,0.82,1.63,2.34
2021-03-26,0.02,0.14,0.85,1.67,2.37
2021-03-29,0.03,0.14,0.89,1.73,2.43
2021-03-30,0.02,0.16,0.9,1.73,2.38
2021-03-31,0.03,0.16,0.92,1.74,2.41
2021-04-01,0.02,0.17,0.9,1.69,2.34
2021-04-02,0.02,0.19,0.97,1.72,2.35
2021-04-05,0.03,0.17,0.94,1.73,2.36
2021-04-06,0.02,0.16,0.88,1.67,2.32
2021-04-07,0.02,0.16,0.87,1.68,2.35
2021-04-08,0.01,0.14,0.85,1.64,2.32
2021-04-09,0.02,0.16,0.87,1.67,2.34
2021-04-12,0.02,0.18,0.89,1.69,2.34
2021-04-13,0.03,0.16,0.85,1.64,2.32
2021-04-14,0.02,0.16,0.87,1.64,2.32
2021-04-15,0.02,0.16,0.81,1.56,2.23
2021-04-16,0.02,0.16,0.84,1.59,2.26
2021-04-19,0.02,0.16,0.85,1.61,2.29
2021-04-20,0.03,0.15,0.81,1.58,2.27
2021-04-21,0.03,0.15,0.81,1.57,2.26
2021-04-22,0.03,0.16,0.81,1.57,2.24
2021-04-23,0.03,0.16,0.83,1.58,2.25
2021-04-26,0.03,0.18,0.85,1.58,2.24
2021-04-27,0.01,0.17,0.88,1.63,2.29
2021-04-28,0.01,0.17,0.86,1.63,2.29
2021-04-29,0.01,0.16,0.86,1.65,2.31
2021-04-30,0.01,0.16,0.86,1.65,2.3
2021-05-03,0.04,0.16,0.84,1.63,2.3
2021-05-04,0.02,0.16,0.82,1.61,2.27
2021-05-05,0.02,0.16,0.8,1.59,2.25
2021-05-06,0.02,0.16,0.81,1.58,2.24
2021-05-07,0.02,0.14,0.77,1.6,2.28
2021-05-10,0.02,0.16,0.8,1.63,2.32
2021-05-11,0.01,0.16,0.8,1.64,2.35
2021-05-12,0.02,0.16,0.87,1.69,2.4
2021-05-13,0.02,0.16,0.84,1.66,2.39
2021-05-14,0.01,0.16,0.82,1.63,2.35
2021-05-17,0.02,0.16,0.84,1.64,2.36
2021-05-18,0.02,0.16,0.83,1.64,2.37
2021-05-19,0.01,0.16,0.87,1.68,2.38
2021-05-20,0.01,0.15,0.83,1.63,2.34
2021-05-21,0.01,0.17,0.84,1.63,2.33
2021-05-24,0.02,0.15,0.82,1.61,2.31
2021-05-25,0.02,0.15,0.79,1.56,2.26
2021-05-26,0.02,0.14,0.8,1.58,2.27
2021-05-27,0.02,0.14,0.81,1.61,2.29
2021-05-28,0.01,0.14,0.79,1.58,2.26
2021-06-01,0.02,0.16,0.81,1.62,2.3
2021-06-02,0.02,0.13,0.8,1.59,2.28
2021-06-03,0.02,0.16,0.84,1.63,2.3
2021-06-04,0.02,0.14,0.78,1.56,2.24
2021-06-07,0.02,0.16,0.79,1.57,2.25
2021-06-08,0.02,0.14,0.77,1.53,2.21
2021-06-09,0.03,0.16,0.75,1.5,2.17
2021-06-10,0.03,0.14,0.73,1.45,2.15
2021-06-11,0.03,0.16,0.76,1.47,2.15
2021-06-14,0.03,0.16,0.8,1.51,2.19
2021-06-15,0.03,0.16,0.79,1.51,2.2
2021-06-16,0.04,0.21,0.89,1.57,2.2
2021-06-17,0.04,0.23,0.9,1.52,2.11
2021-06-18,0.05,0.26,0.89,1.45,2.01
2021-06-21,0.05,0.27,0.9,1.5,2.11
2021-06-22,0.04,0.25,0.87,1.48,2.1
2021-06-23,0.05,0.26,0.9,1.5,2.11
2021-06-24,0.05,0.26,0.9,1.49,2.1
2021-06-25,0.06,0.28,0.92,1.54,2.16
2021-06-28,0.05,0.25,0.9,1.49,2.1
2021-06-29,0.04,0.27,0.89,1.49,2.1
2021-06-30,0.05,0.25,0.87,1.45,2.06
2021-07-01,0.05,0.25,0.89,1.48,2.07
2021-07-02,0.05,0.24,0.86,1.44,2.05
2021-07-06,0.05,0.22,0.81,1.37,2.0
2021-07-07,0.05,0.22,0.79,1.33,1.94
2021-07-08,0.06,0.19,0.74,1.3,1.91
2021-07-09,0.06,0.23,0.79,1.37,1.99
2021-07-12,0.05,0.23,0.81,1.38,2.0
2021-07-13,0.05,0.26,0.85,1.42,2.04
2021-07-14,0.06,0.23,0.8,1.37,1.98
2021-07-15,0.05,0.23,0.78,1.31,1.92
2021-07-16,0.05,0.25,0.79,1.31,1.93
2021-07-19,0.05,0.21,0.7,1.19,1.81
2021-07-20,0.05,0.2,0.69,1.23,1.88
2021-07-21,0.05,0.22,0.74,1.3,1.94
2021-07-22,0.05,0.2,0.71,1.27,1.9
2021-07-23,0.05,0.22,0.72,1.3,1.92
2021-07-26,0.05,0.22,0.73,1.29,1.93
2021-07-27,0.05,0.2,0.71,1.25,1.89
2021-07-28,0.05,0.2,0.72,1.26,1.9
2021-07-29,0.06,0.2,0.73,1.28,1.91
2021-07-30,0.06,0.19,0.69,1.24,1.89
2021-08-02,0.05,0.17,0.66,1.2,1.86
2021-08-03,0.05,0.17,0.65,1.19,1.85
2021-08-04,0.05,0.17,0.67,1.19,1.83
2021-08-05,0.05,0.21,0.72,1.23,1.86
2021-08-06,0.06,0.21,0.77,1.31,1.94
2021-08-09,0.06,0.23,0.79,1.33,1.96
2021-08-10,0.05,0.24,0.82,1.36,1.99
2021-08-11,0.05,0.23,0.81,1.35,1.99
2021-08-12,0.06,0.23,0.83,1.36,2.03
2021-08-13,0.06,0.23,0.79,1.29,1.94
2021-08-16,0.06,0.21,0.75,1.26,1.92
2021-08-17,0.07,0.23,0.77,1.26,1.92
2021-08-18,0.07,0.23,0.79,1.27,1.91
2021-08-19,0.06,0.22,0.78,1.24,1.88
2021-08-20,0.05,0.23,0.8,1.26,1.87
2021-08-23,0.05,0.23,0.78,1.25,1.87
2021-08-24,0.05,0.24,0.8,1.29,1.91
2021-08-25,0.06,0.23,0.84,1.35,1.96
2021-08-26,0.05,0.25,0.84,1.34,1.94
2021-08-27,0.05,0.22,0.79,1.31,1.91
2021-08-30,0.05,0.2,0.77,1.29,1.9
2021-08-31,0.04,0.2,0.77,1.3,1.92
2021-09-01,0.05,0.2,0.78,1.31,1.92
2021-09-02,0.05,0.2,0.78,1.29,1.9
2021-09-03,0.05,0.21,0.78,1.33,1.94
2021-09-07,0.05,0.22,0.82,1.38,1.99
2021-09-08,0.05,0.22,0.81,1.35,1.95
2021-09-09,0.04,0.23,0.79,1.3,1.9
2021-09-10,0.05,0.23,0.82,1.35,1.94
2021-09-13,0.06,0.21,0.81,1.33,1.91
2021-09-14,0.04,0.21,0.79,1.28,1.85
2021-09-15,0.04,0.21,0.81,1.31,1.87
2021-09-16,0.04,0.23,0.84,1.34,1.88
2021-09-17,0.04,0.23,0.88,1.37,1.91
2021-09-20,0.04,0.23,0.83,1.31,1.85
2021-09-21,0.03,0.22,0.84,1.33,1.86
2021-09-22,0.03,0.25,0.86,1.32,1.84
2021-09-23,0.03,0.27,0.94,1.41,1.92
2021-09-24,0.03,0.29,0.97,1.47,1.99
2021-09-27,0.04,0.31,0.98,1.48,1.99
2021-09-28,0.04,0.31,1.02,1.54,2.07
2021-09-29,0.04,0.3,1.01,1.55,2.09
2021-09-30,0.04,0.28,0.98,1.52,2.08
2021-10-01,0.04,0.27,0.93,1.48,2.04
2021-10-04,0.04,0.27,0.95,1.49,2.05
2021-10-05,0.04,0.28,0.98,1.54,2.1
2021-10-06,0.04,0.3,0.99,1.53,2.08
2021-10-07,0.05,0.32,1.02,1.58,2.13
2021-10-08,0.05,0.32,1.05,1.61,2.16
2021-10-12,0.06,0.35,1.08,1.59,2.1
2021-10-13,0.05,0.37,1.09,1.56,2.05
2021-10-14,0.05,0.36,1.05,1.52,2.02
2021-10-15,0.05,0.41,1.13,1.59,2.05
2021-10-18,0.06,0.44,1.16,1.59,2.01
2021-10-19,0.05,0.41,1.17,1.65,2.09
2021-10-20,0.05,0.4,1.16,1.65,2.12
2021-10-21,0.06,0.45,1.23,1.68,2.13
2021-10-22,0.06,0.48,1.22,1.66,2.08
2021-10-25,0.06,0.47,1.19,1.64,2.09
2021-10-26,0.06,0.47,1.2,1.63,2.05
2021-10-27,0.06,0.5,1.16,1.54,1.95
2021-10-28,0.06,0.5,1.18,1.57,1.96
2021-10-29,0.05,0.48,1.18,1.55,1.93
2021-11-01,0.05,0.5,1.2,1.58,1.98
2021-11-02,0.05,0.46,1.15,1.56,1.96
2021-11-03,0.05,0.47,1.19,1.6,2.0
2021-11-04,0.04,0.41,1.1,1.53,1.96
2021-11-05,0.05,0.39,1.04,1.45,1.87
2021-11-08,0.06,0.45,1.13,1.51,1.89
2021-11-09,0.04,0.41,1.08,1.46,1.83
2021-11-10,0.05,0.51,1.23,1.56,1.92
2021-11-12,0.05,0.53,1.24,1.58,1.95
2021-11-15,0.05,0.53,1.26,1.63,2.01
2021-11-16,0.05,0.54,1.27,1.63,2.02
2021-11-17,0.05,0.52,1.24,1.6,2.0
2021-11-18,0.05,0.52,1.22,1.59,1.97
2021-11-19,0.05,0.52,1.22,1.54,1.91
2021-11-22,0.05,0.63,1.33,1.63,1.98
2021-11-23,0.06,0.6,1.33,1.67,2.02
2021-11-24,0.06,0.64,1.34,1.64,1.96
2021-11-26,0.06,0.5,1.16,1.48,1.83
2021-11-29,0.06,0.51,1.18,1.52,1.87
2021-11-30,0.05,0.52,1.14,1.43,1.78
2021-12-01,0.06,0.56,1.15,1.43,1.77
2021-12-02,0.05,0.63,1.21,1.44,1.76
2021-12-03,0.06,0.6,1.13,1.35,1.69
2021-12-06,0.05,0.65,1.21,1.43,1.75
2021-12-07,0.06,0.7,1.26,1.48,1.8
2021-12-08,0.07,0.68,1.27,1.52,1.87
2021-12-09,0.06,0.7,1.26,1.49,1.87
2021-12-10,0.06,0.67,1.25,1.48,1.88
2021-12-13,0.05,0.66,1.21,1.42,1.81
2021-12-14,0.05,0.67,1.23,1.44,1.82
2021-12-15,0.05,0.69,1.26,1.47,1.86
2021-12-16,0.05,0.64,1.19,1.44,1.87
2021-12-17,0.05,0.66,1.18,1.41,1.82
2021-12-20,0.07,0.65,1.17,1.43,1.85
2021-12-21,0.07,0.7,1.24,1.48,1.89
2021-12-22,0.08,0.68,1.23,1.46,1.86
2021-12-23,0.07,0.71,1.25,1.5,1.91
2021-12-27,0.06,0.76,1.26,1.48,1.88
2021-12-28,0.06,0.74,1.27,1.49,1.9
2021-12-29,0.05,0.75,1.29,1.55,1.96
2021-12-30,0.05,0.73,1.27,1.52,1.93
2021-12-31,0.06,0.73,1.26,1.52,1.9
2022-01-03,0.08,0.78,1.37,1.63,2.01
2022-01-04,0.08,0.77,1.37,1.66,2.07
2022-01-05,0.09,0.83,1.43,1.71,2.09
2022-01-06,0.1,0.88,1.47,1.73,2.09
2022-01-07,0.1,0.87,1.5,1.76,2.11
2022-01-10,0.13,0.92,1.53,1.78,2.11
2022-01-11,0.11,0.9,1.51,1.75,2.08
2022-01-12,0.12,0.92,1.5,1.74,2.08
2022-01-13,0.12,0.91,1.47,1.7,2.05
2022-01-14,0.13,0.99,1.55,1.78,2.12
2022-01-18,0.16,1.06,1.65,1.87,2.18
2022-01-19,0.17,1.04,1.62,1.83,2.14
2022-01-20,0.17,1.08,1.62,1.83,2.14
2022-01-21,0.17,1.01,1.54,1.75,2.07
2022-01-24,0.19,0.99,1.53,1.75,2.1
2022-01-25,0.19,1.02,1.56,1.78,2.12
2022-01-26,0.19,1.13,1.66,1.85,2.16
2022-01-27,0.2,1.18,1.66,1.81,2.09
2022-01-28,0.19,1.15,1.61,1.78,2.07
2022-01-31,0.22,1.18,1.62,1.79,2.11
2022-02-01,0.19,1.18,1.63,1.81,2.12
2022-02-02,0.19,1.16,1.6,1.78,2.11
2022-02-03,0.2,1.19,1.66,1.82,2.14
2022-02-04,0.23,1.31,1.78,1.93,2.23
2022-02-07,0.27,1.3,1.76,1.92,2.22
2022-02-08,0.25,1.35,1.81,1.96,2.25
2022-02-09,0.26,1.36,1.82,1.94,2.25
2022-02-10,0.4,1.61,1.96,2.03,2.3
2022-02-11,0.36,1.5,1.84,1.92,2.24
2022-02-14,0.43,1.58,1.9,1.98,2.29
2022-02-15,0.4,1.58,1.94,2.05,2.37
2022-02-16,0.38,1.52,1.9,2.03,2.34
2022-02-17,0.36,1.49,1.85,1.97,2.31
2022-02-18,0.35,1.47,1.82,1.92,2.24
2022-02-22,0.37,1.56,1.85,1.94,2.24
2022-02-23,0.34,1.58,1.89,1.99,2.29
2022-02-24,0.32,1.54,1.84,1.96,2.28
2022-02-25,0.33,1.55,1.86,1.97,2.29
2022-02-28,0.35,1.44,1.71,1.83,2.17
2022-03-01,0.32,1.31,1.56,1.72,2.11
2022-03-02,0.34,1.5,1.74,1.86,2.24
2022-03-03,0.38,1.53,1.74,1.86,2.24
2022-03-04,0.34,1.5,1.65,1.74,2.16
2022-03-07,0.38,1.55,1.71,1.78,2.19
2022-03-08,0.36,1.63,1.8,1.86,2.24
2022-03-09,0.38,1.68,1.87,1.94,2.29
2022-03-10,0.39,1.72,1.92,1.98,2.38
2022-03-11,0.4,1.75,1.96,2.0,2.36
2022-03-14,0.45,1.87,2.1,2.14,2.47
2022-03-15,0.46,1.85,2.1,2.15,2.49
2022-03-16,0.44,1.95,2.18,2.19,2.46
2022-03-17,0.4,1.94,2.17,2.2,2.5
2022-03-18,0.42,1.97,2.14,2.14,2.42
2022-03-21,0.54,2.14,2.33,2.32,2.55
2022-03-22,0.51,2.18,2.39,2.38,2.6
2022-03-23,0.5,2.13,2.34,2.32,2.52
2022-03-24,0.52,2.13,2.37,2.34,2.51
2022-03-25,0.55,2.3,2.55,2.48,2.6
2022-03-28,0.59,2.35,2.54,2.46,2.57
2022-03-29,0.55,2.35,2.49,2.41,2.53
2022-03-30,0.55,2.31,2.44,2.35,2.48
2022-03-31,0.52,2.28,2.42,2.32,2.44
2022-04-01,0.53,2.44,2.55,2.39,2.44
2022-04-04,0.66,2.43,2.56,2.42,2.48
2022-04-05,0.65,2.51,2.69,2.54,2.57
2022-04-06,0.67,2.5,2.7,2.61,2.63
2022-04-07,0.68,2.47,2.7,2.66,2.69
2022-04-08,0.7,2.53,2.76,2.72,2.76
2022-04-11,0.77,2.5,2.79,2.79,2.84
2022-04-12,0.74,2.39,2.66,2.72,2.82
2022-04-13,0.75,2.37,2.66,2.7,2.81
2022-04-14,0.79,2.47,2.79,2.83,2.92
2022-04-18,0.81,2.46,2.79,2.85,2.95
2022-04-19,0.81,2.61,2.91,2.93,3.01
2022-04-20,0.82,2.6,2.87,2.85,2.9
2022-04-21,0.83,2.68,2.96,2.9,2.94
2022-04-22,0.83,2.72,2.94,2.9,2.95
2022-04-25,0.91,2.63,2.84,2.81,2.88
2022-04-26,0.83,2.54,2.79,2.77,2.86
2022-04-27,0.82,2.58,2.81,2.82,2.91
2022-04-28,0.82,2.63,2.86,2.85,2.92
2022-04-29,0.85,2.7,2.92,2.89,2.96
2022-05-02,0.9,2.73,3.01,2.99,3.07
2022-05-03,0.91,2.78,3.01,2.97,3.03
2022-05-04,0.89,2.66,2.93,2.93,3.01
2022-05-05,0.85,2.71,3.01,3.05,3.15
2022-05-06,0.85,2.72,3.06,3.12,3.23
2022-05-09,0.92,2.61,2.95,3.05,3.19
2022-05-10,0.89,2.62,2.91,2.99,3.12
2022-05-11,0.91,2.66,2.89,2.91,3.05
2022-05-12,0.96,2.56,2.81,2.84,3.0
2022-05-13,1.03,2.61,2.89,2.93,3.1
2022-05-16,1.07,2.58,2.83,2.88,3.09
2022-05-17,1.06,2.71,2.96,2.98,3.17
2022-05-18,1.03,2.68,2.89,2.89,3.07
2022-05-19,1.05,2.63,2.84,2.84,3.05
2022-05-20,1.03,2.6,2.8,2.78,2.99
2022-05-23,1.07,2.65,2.88,2.86,3.08
2022-05-24,1.06,2.5,2.76,2.76,2.98
2022-05-25,1.06,2.48,2.71,2.75,2.97
2022-05-26,1.07,2.46,2.7,2.75,2.99
2022-05-27,1.08,2.47,2.71,2.74,2.97
2022-05-31,1.16,2.53,2.81,2.85,3.07
2022-06-01,1.15,2.66,2.94,2.94,3.09
2022-06-02,1.17,2.65,2.92,2.92,3.09
2022-06-03,1.21,2.66,2.95,2.96,3.11
2022-06-06,1.26,2.73,3.03,3.04,3.19
2022-06-07,1.26,2.75,2.99,2.98,3.13
2022-06-08,1.28,2.78,3.03,3.03,3.18
2022-06-09,1.3,2.83,3.07,3.04,3.18
2022-06-10,1.39,3.06,3.25,3.15,3.2
2022-06-13,1.73,3.4,3.56,3.43,3.42
2022-06-14,1.83,3.45,3.61,3.49,3.45
2022-06-15,1.74,3.2,3.38,3.33,3.39
2022-06-16,1.59,3.14,3.35,3.28,3.35
2022-06-17,1.63,3.17,3.34,3.25,3.3
2022-06-21,1.7,3.21,3.38,3.31,3.39
2022-06-22,1.61,3.06,3.22,3.16,3.25
2022-06-23,1.65,3.01,3.14,3.09,3.21
2022-06-24,1.73,3.04,3.18,3.13,3.26
2022-06-27,1.79,3.08,3.24,3.2,3.31
2022-06-28,1.79,3.1,3.25,3.2,3.3
2022-06-29,1.78,3.06,3.15,3.1,3.22
2022-06-30,1.72,2.92,3.01,2.98,3.14
2022-07-01,1.73,2.84,2.88,2.88,3.11
2022-07-05,1.9,2.82,2.82,2.82,3.05
2022-07-06,1.9,2.97,2.96,2.93,3.14
2022-07-07,1.95,3.03,3.05,3.01,3.2
2022-07-08,1.98,3.12,3.13,3.09,3.27
2022-07-11,2.18,3.07,3.05,2.99,3.18
2022-07-12,2.22,3.03,3.01,2.96,3.13
2022-07-13,2.39,3.13,3.02,2.91,3.08
2022-07-14,2.4,3.15,3.06,2.96,3.11
2022-07-15,2.37,3.13,3.05,2.93,3.1
2022-07-18,2.5,3.15,3.06,2.96,3.14
2022-07-19,2.52,3.23,3.14,3.01,3.17
2022-07-20,2.51,3.25,3.18,3.04,3.17
2022-07-21,2.48,3.1,3.0,2.91,3.08
2022-07-22,2.49,2.98,2.87,2.77,3.0
2022-07-25,2.62,3.0,2.89,2.81,3.04
2022-07-26,2.55,3.02,2.89,2.81,3.03
2022-07-27,2.44,2.96,2.82,2.78,3.03
2022-07-28,2.42,2.85,2.69,2.68,3.02
2022-07-29,2.41,2.89,2.7,2.67,3.0
2022-08-01,2.56,2.9,2.66,2.6,2.92
2022-08-02,2.56,3.06,2.85,2.75,3.0
2022-08-03,2.52,3.1,2.86,2.73,2.96
2022-08-04,2.5,3.03,2.76,2.68,2.97
2022-08-05,2.58,3.24,2.97,2.83,3.06
2022-08-08,2.65,3.21,2.91,2.77,3.0
2022-08-09,2.67,3.28,2.97,2.8,3.01
2022-08-10,2.65,3.23,2.93,2.78,3.04
2022-08-11,2.62,3.23,2.98,2.87,3.15
2022-08-12,2.63,3.25,2.97,2.84,3.12
2022-08-15,2.72,3.2,2.91,2.79,3.1
2022-08-16,2.7,3.25,2.95,2.82,3.11
2022-08-17,2.68,3.28,3.04,2.89,3.15
2022-08-18,2.71,3.22,3.02,2.88,3.14
2022-08-19,2.74,3.25,3.11,2.98,3.22
2022-08-22,2.82,3.32,3.17,3.03,3.24
2022-08-23,2.8,3.29,3.18,3.05,3.26
2022-08-24,2.82,3.36,3.2,3.11,3.32
2022-08-25,2.88,3.35,3.15,3.03,3.25
2022-08-26,2.89,3.37,3.2,3.04,3.21
2022-08-29,2.97,3.42,3.27,3.12,3.25
2022-08-30,2.97,3.46,3.27,3.11,3.23
2022-08-31,2.96,3.45,3.3,3.15,3.27
2022-09-01,2.97,3.51,3.39,3.26,3.37
2022-09-02,2.94,3.4,3.3,3.2,3.35
2022-09-06,3.04,3.5,3.43,3.33,3.49
2022-09-07,3.07,3.45,3.37,3.27,3.42
2022-09-08,3.06,3.48,3.39,3.29,3.45
2022-09-09,3.08,3.56,3.45,3.33,3.47
2022-09-12,3.17,3.58,3.47,3.37,3.53
2022-09-13,3.28,3.75,3.58,3.42,3.51
2022-09-14,3.24,3.78,3.6,3.41,3.47
2022-09-15,3.22,3.87,3.66,3.45,3.48
2022-09-16,3.2,3.85,3.62,3.45,3.52
2022-09-19,3.37,3.95,3.69,3.49,3.52
2022-09-20,3.35,3.96,3.75,3.57,3.59
2022-09-21,3.31,4.02,3.74,3.51,3.5
2022-09-22,3.29,4.11,3.91,3.7,3.65
2022-09-23,3.24,4.2,3.96,3.69,3.61
2022-09-26,3.39,4.27,4.15,3.88,3.72
2022-09-27,3.35,4.3,4.21,3.97,3.87
2022-09-28,3.4,4.07,3.92,3.72,3.7
2022-09-29,3.36,4.16,3.98,3.76,3.71
2022-09-30,3.33,4.22,4.06,3.83,3.79
2022-10-03,3.46,4.12,3.9,3.67,3.73
2022-10-04,3.45,4.1,3.84,3.62,3.7
2022-10-05,3.46,4.15,3.96,3.76,3.78
2022-10-06,3.46,4.23,4.05,3.83,3.81
2022-10-07,3.45,4.3,4.14,3.89,3.86
2022-10-11,3.67,4.3,4.14,3.93,3.92
2022-10-12,3.7,4.28,4.12,3.91,3.9
2022-10-13,3.79,4.47,4.21,3.97,3.97
2022-10-14,3.81,4.48,4.25,4.0,3.99
2022-10-17,3.97,4.45,4.24,4.02,4.04
2022-10-18,4.04,4.43,4.21,4.01,4.04
2022-10-19,4.07,4.55,4.35,4.14,4.15
2022-10-20,4.09,4.62,4.45,4.24,4.24
2022-10-21,4.09,4.49,4.34,4.21,4.33
2022-10-24,4.16,4.5,4.36,4.25,4.4
2022-10-25,4.14,4.42,4.25,4.1,4.26
2022-10-26,4.11,4.39,4.2,4.04,4.19
2022-10-27,4.13,4.3,4.09,3.96,4.12
2022-10-28,4.18,4.41,4.19,4.02,4.15
2022-10-31,4.22,4.51,4.27,4.1,4.22
2022-11-01,4.23,4.54,4.27,4.07,4.14
2022-11-02,4.22,4.61,4.3,4.1,4.15
2022-11-03,4.25,4.71,4.36,4.14,4.18
2022-11-04,4.21,4.66,4.33,4.17,4.27
2022-11-07,4.29,4.72,4.39,4.22,4.34
2022-11-08,4.28,4.67,4.31,4.14,4.28
2022-11-09,4.29,4.61,4.27,4.12,4.31
2022-11-10,4.28,4.34,3.95,3.82,4.03
2022-11-14,4.34,4.4,4.0,3.88,4.07
2022-11-15,4.31,4.37,3.93,3.8,3.98
2022-11-16,4.32,4.35,3.83,3.67,3.85
2022-11-17,4.32,4.43,3.93,3.77,3.89
2022-11-18,4.34,4.51,3.99,3.82,3.92
2022-11-21,4.41,4.48,3.97,3.83,3.91
2022-11-22,4.4,4.47,3.93,3.76,3.83
2022-11-23,4.4,4.46,3.88,3.71,3.74
2022-11-25,4.41,4.42,3.85,3.68,3.74
2022-11-28,4.41,4.46,3.88,3.69,3.74
2022-11-29,4.38,4.48,3.92,3.75,3.81
2022-11-30,4.37,4.38,3.82,3.68,3.8
2022-12-01,4.33,4.25,3.68,3.53,3.64
2022-12-02,4.34,4.28,3.67,3.51,3.56
2022-12-05,4.36,4.41,3.8,3.6,3.62
2022-12-06,4.37,4.34,3.73,3.51,3.52
2022-12-07,4.29,4.26,3.62,3.42,3.42
2022-12-08,4.28,4.31,3.71,3.48,3.44
2022-12-09,4.31,4.33,3.75,3.57,3.56
2022-12-12,4.38,4.39,3.8,3.61,3.57
2022-12-13,4.35,4.22,3.66,3.51,3.53
2022-12-14,4.33,4.23,3.64,3.49,3.52
2022-12-15,4.34,4.23,3.62,3.44,3.48
2022-12-16,4.31,4.17,3.61,3.48,3.53
2022-12-19,4.37,4.25,3.7,3.57,3.62
2022-12-20,4.35,4.25,3.79,3.69,3.74
2022-12-21,4.33,4.21,3.78,3.68,3.74
2022-12-22,4.35,4.24,3.79,3.67,3.73
2022-12-23,4.34,4.31,3.86,3.75,3.82
2022-12-27,4.46,4.32,3.94,3.84,3.93
2022-12-28,4.46,4.31,3.97,3.88,3.98
2022-12-29,4.45,4.34,3.94,3.83,3.92
2022-12-30,4.42,4.41,3.99,3.88,3.97
2023-01-03,4.53,4.4,3.94,3.79,3.88
2023-01-04,4.55,4.36,3.85,3.69,3.81
2023-01-05,4.66,4.45,3.9,3.71,3.78
2023-01-06,4.67,4.24,3.69,3.55,3.67
2023-01-09,4.7,4.19,3.66,3.53,3.66
2023-01-10,4.73,4.24,3.72,3.61,3.74
2023-01-11,4.72,4.2,3.66,3.54,3.67
2023-01-12,4.66,4.12,3.53,3.43,3.56
2023-01-13,4.67,4.22,3.6,3.49,3.61
2023-01-17,4.71,4.18,3.6,3.53,3.64
2023-01-18,4.69,4.06,3.43,3.37,3.54
2023-01-19,4.71,4.09,3.48,3.39,3.57
2023-01-20,4.72,4.14,3.56,3.48,3.66
2023-01-23,4.73,4.21,3.61,3.52,3.69
2023-01-24,4.72,4.12,3.58,3.46,3.62
2023-01-25,4.72,4.11,3.54,3.46,3.62
2023-01-26,4.71,4.17,3.58,3.49,3.62
2023-01-27,4.73,4.19,3.62,3.52,3.64
2023-01-30,4.72,4.25,3.68,3.55,3.66
2023-01-31,4.7,4.21,3.63,3.52,3.65
2023-02-01,4.66,4.09,3.48,3.39,3.55
2023-02-02,4.66,4.09,3.49,3.4,3.55
2023-02-03,4.7,4.3,3.67,3.53,3.63
2023-02-06,4.71,4.44,3.81,3.63,3.67
2023-02-07,4.71,4.47,3.85,3.67,3.72
2023-02-08,4.72,4.45,3.82,3.63,3.7
2023-02-09,4.77,4.48,3.87,3.67,3.75
2023-02-10,4.79,4.5,3.93,3.74,3.83
2023-02-13,4.81,4.52,3.93,3.72,3.79
2023-02-14,4.8,4.6,4.0,3.77,3.81
2023-02-15,4.79,4.62,4.04,3.81,3.85
2023-02-16,4.84,4.62,4.06,3.86,3.92
2023-02-17,4.84,4.6,4.03,3.82,3.88
2023-02-21,4.86,4.67,4.16,3.95,3.98
2023-02-22,4.84,4.66,4.13,3.93,3.94
2023-02-23,4.84,4.66,4.09,3.88,3.88
2023-02-24,4.86,4.78,4.19,3.95,3.93
2023-02-27,4.89,4.78,4.17,3.92,3.93
2023-02-28,4.88,4.81,4.18,3.92,3.93
2023-03-01,4.9,4.89,4.27,4.01,3.97
2023-03-02,4.91,4.89,4.32,4.08,4.03
2023-03-03,4.91,4.86,4.26,3.97,3.9
2023-03-06,4.93,4.89,4.27,3.98,3.92
2023-03-07,5.04,5.0,4.31,3.97,3.88
2023-03-08,5.06,5.05,4.34,3.98,3.88
2023-03-09,5.05,4.9,4.22,3.93,3.88
2023-03-10,5.01,4.6,3.96,3.7,3.7
2023-03-13,4.87,4.03,3.68,3.55,3.7
2023-03-14,4.88,4.2,3.78,3.64,3.77
2023-03-15,4.75,3.93,3.59,3.51,3.7
2023-03-16,4.74,4.14,3.72,3.56,3.71
2023-03-17,4.52,3.81,3.44,3.39,3.6
2023-03-20,4.81,3.92,3.56,3.47,3.65
2023-03-21,4.78,4.17,3.73,3.59,3.73
2023-03-22,4.79,3.96,3.54,3.48,3.68
2023-03-23,4.73,3.76,3.39,3.38,3.66
2023-03-24,4.74,3.76,3.41,3.38,3.64
2023-03-27,4.91,3.94,3.59,3.53,3.77
2023-03-28,4.8,4.02,3.63,3.55,3.77
2023-03-29,4.8,4.08,3.67,3.57,3.78
2023-03-30,4.97,4.1,3.66,3.55,3.74
2023-03-31,4.85,4.06,3.6,3.48,3.67
2023-04-03,4.9,3.97,3.52,3.43,3.64
2023-04-04,4.88,3.84,3.39,3.35,3.6
2023-04-05,4.86,3.79,3.36,3.3,3.56
2023-04-06,4.91,3.82,3.37,3.3,3.54
2023-04-07,4.95,3.97,3.49,3.39,3.61
2023-04-10,5.08,4.0,3.52,3.41,3.62
2023-04-11,5.04,4.03,3.54,3.43,3.62
2023-04-12,5.02,3.95,3.46,3.41,3.64
2023-04-13,5.1,3.96,3.51,3.45,3.69
2023-04-14,5.14,4.08,3.6,3.52,3.74
2023-04-17,5.21,4.18,3.69,3.6,3.81
2023-04-18,5.2,4.19,3.69,3.58,3.79
2023-04-19,5.16,4.24,3.71,3.6,3.79
2023-04-20,5.12,4.14,3.63,3.54,3.75
2023-04-21,5.14,4.17,3.66,3.57,3.78
2023-04-24,5.2,4.12,3.6,3.52,3.73
2023-04-25,5.12,3.86,3.43,3.4,3.65
2023-04-26,5.16,3.9,3.46,3.43,3.7
2023-04-27,5.18,4.07,3.6,3.53,3.76
2023-04-28,5.1,4.04,3.51,3.44,3.67
2023-05-01,5.27,4.14,3.64,3.59,3.84
2023-05-02,5.24,3.97,3.46,3.44,3.72
2023-05-03,5.26,3.89,3.37,3.38,3.7
2023-05-04,5.26,3.75,3.29,3.37,3.73
2023-05-05,5.26,3.92,3.41,3.44,3.76
2023-05-08,5.31,4.0,3.49,3.52,3.84
2023-05-09,5.29,4.01,3.51,3.53,3.85
2023-05-10,5.24,3.9,3.37,3.43,3.8
2023-05-11,5.2,3.89,3.36,3.39,3.73
2023-05-12,5.25,3.98,3.45,3.46,3.78
2023-05-15,5.21,3.99,3.46,3.5,3.84
2023-05-16,5.23,4.06,3.52,3.54,3.87
2023-05-17,5.26,4.12,3.58,3.57,3.88
2023-05-18,5.31,4.24,3.69,3.65,3.91
2023-05-19,5.29,4.28,3.76,3.7,3.95
2023-05-22,5.4,4.29,3.77,3.72,3.97
2023-05-23,5.34,4.26,3.76,3.7,3.96
2023-05-24,5.37,4.31,3.75,3.73,3.97
2023-05-25,5.38,4.5,3.9,3.83,4.01
2023-05-26,5.34,4.54,3.92,3.8,3.96
2023-05-30,5.55,4.46,3.81,3.69,3.9
2023-05-31,5.52,4.4,3.74,3.64,3.85
2023-06-01,5.5,4.33,3.7,3.61,3.84
2023-06-02,5.5,4.5,3.84,3.69,3.88
2023-06-05,5.46,4.46,3.82,3.69,3.89
2023-06-06,5.44,4.51,3.85,3.7,3.87
2023-06-07,5.42,4.56,3.93,3.79,3.95
2023-06-08,5.38,4.52,3.87,3.73,3.89
2023-06-09,5.37,4.59,3.92,3.75,3.89
2023-06-12,5.4,4.55,3.89,3.73,3.87
2023-06-13,5.36,4.67,4.01,3.84,3.94
2023-06-14,5.36,4.74,4.06,3.83,3.9
2023-06-15,5.33,4.62,3.91,3.72,3.85
2023-06-16,5.34,4.7,3.99,3.77,3.86
2023-06-20,5.39,4.68,3.96,3.74,3.83
2023-06-21,5.4,4.68,3.95,3.72,3.81
2023-06-22,5.4,4.77,4.03,3.8,3.88
2023-06-23,5.41,4.71,3.99,3.74,3.82
2023-06-26,5.5,4.65,3.96,3.72,3.83
2023-06-27,5.44,4.74,4.02,3.77,3.84
2023-06-28,5.44,4.71,3.97,3.71,3.81
2023-06-29,5.46,4.87,4.14,3.85,3.92
2023-06-30,5.43,4.87,4.13,3.81,3.85
2023-07-03,5.44,4.94,4.19,3.86,3.87
2023-07-05,5.44,4.94,4.25,3.95,3.95
2023-07-06,5.46,4.99,4.37,4.05,4.01
2023-07-07,5.46,4.94,4.35,4.06,4.05
2023-07-10,5.48,4.85,4.25,4.01,4.05
2023-07-11,5.49,4.88,4.24,3.99,4.03
2023-07-12,5.47,4.72,4.07,3.86,3.96
2023-07-13,5.47,4.59,3.93,3.76,3.9
2023-07-14,5.49,4.74,4.04,3.83,3.93
2023-07-17,5.49,4.74,4.02,3.81,3.94
2023-07-18,5.49,4.74,4.0,3.8,3.91
2023-07-19,5.49,4.74,3.98,3.75,3.84
2023-07-20,5.49,4.8,4.08,3.85,3.91
2023-07-21,5.5,4.82,4.09,3.84,3.91
2023-07-24,5.51,4.81,4.13,3.86,3.92
2023-07-25,5.51,4.85,4.15,3.91,3.95
2023-07-26,5.51,4.82,4.09,3.86,3.94
2023-07-27,5.51,4.91,4.24,4.01,4.06
2023-07-28,5.52,4.87,4.18,3.96,4.03
2023-07-31,5.55,4.88,4.18,3.97,4.02
2023-08-01,5.54,4.92,4.24,4.05,4.11
2023-08-02,5.53,4.88,4.24,4.08,4.17
2023-08-03,5.54,4.9,4.3,4.2,4.32
2023-08-04,5.54,4.78,4.15,4.05,4.21
2023-08-07,5.56,4.76,4.16,4.09,4.27
2023-08-08,5.57,4.74,4.1,4.02,4.2
2023-08-09,5.55,4.79,4.12,4.0,4.18
2023-08-10,5.54,4.82,4.21,4.09,4.24
2023-08-11,5.54,4.89,4.31,4.16,4.27
2023-08-14,5.56,4.96,4.36,4.19,4.29
2023-08-15,5.56,4.92,4.36,4.21,4.32
2023-08-16,5.56,4.97,4.42,4.28,4.38
2023-08-17,5.56,4.94,4.42,4.3,4.41
2023-08-18,5.55,4.92,4.38,4.26,4.38
2023-08-21,5.57,4.97,4.46,4.34,4.45
2023-08-22,5.57,5.02,4.49,4.34,4.42
2023-08-23,5.57,4.95,4.36,4.19,4.27
2023-08-24,5.58,4.98,4.39,4.23,4.3
2023-08-25,5.61,5.03,4.44,4.25,4.3
2023-08-28,5.58,4.98,4.38,4.2,4.29
2023-08-29,5.56,4.87,4.26,4.12,4.23
2023-08-30,5.56,4.9,4.27,4.12,4.23
2023-08-31,5.56,4.85,4.23,4.09,4.2
2023-09-01,5.53,4.87,4.29,4.18,4.29
2023-09-05,5.55,4.94,4.37,4.27,4.38
2023-09-06,5.55,5.01,4.44,4.3,4.37
2023-09-07,5.53,4.94,4.38,4.27,4.36
2023-09-08,5.55,4.98,4.39,4.26,4.33
2023-09-11,5.55,4.97,4.4,4.29,4.37
2023-09-12,5.56,4.98,4.41,4.27,4.35
2023-09-13,5.55,4.96,4.39,4.25,4.34
2023-09-14,5.55,5.0,4.42,4.29,4.39
2023-09-15,5.56,5.02,4.45,4.33,4.42
2023-09-18,5.55,5.05,4.46,4.32,4.4
2023-09-19,5.54,5.08,4.51,4.37,4.43
2023-09-20,5.56,5.12,4.52,4.35,4.4
2023-09-21,5.57,5.12,4.61,4.49,4.56
2023-09-22,5.56,5.1,4.57,4.44,4.53
2023-09-25,5.58,5.09,4.62,4.55,4.67
2023-09-26,5.58,5.04,4.62,4.56,4.7
2023-09-27,5.58,5.1,4.67,4.61,4.73
2023-09-28,5.56,5.04,4.62,4.59,4.71
2023-09-29,5.55,5.03,4.6,4.59,4.73
2023-10-02,5.62,5.12,4.72,4.69,4.81
2023-10-03,5.62,5.15,4.8,4.81,4.95
2023-10-04,5.61,5.05,4.72,4.73,4.87
2023-10-05,5.61,5.03,4.68,4.72,4.89
2023-10-06,5.63,5.08,4.75,4.78,4.95
2023-10-10,5.61,4.96,4.62,4.66,4.85
2023-10-11,5.61,4.99,4.59,4.58,4.73
2023-10-12,5.63,5.06,4.69,4.7,4.86
2023-10-13,5.62,5.04,4.65,4.63,4.78
2023-10-16,5.61,5.09,4.72,4.71,4.87
2023-10-17,5.62,5.19,4.86,4.83,4.94
2023-10-18,5.61,5.19,4.92,4.91,5.0
2023-10-19,5.6,5.14,4.95,4.98,5.11
2023-10-20,5.58,5.07,4.86,4.93,5.09
2023-10-23,5.58,5.05,4.81,4.86,5.01
2023-10-24,5.58,5.02,4.82,4.83,4.96
2023-10-25,5.59,5.08,4.89,4.95,5.09
2023-10-26,5.59,5.02,4.79,4.86,5.01
2023-10-27,5.59,4.99,4.76,4.84,5.03
2023-10-30,5.6,5.03,4.8,4.88,5.04
2023-10-31,5.59,5.07,4.82,4.88,5.04
2023-11-01,5.57,4.95,4.67,4.77,4.96
2023-11-02,5.54,4.98,4.65,4.67,4.82
2023-11-03,5.53,4.83,4.49,4.57,4.77
2023-11-06,5.56,4.93,4.6,4.67,4.84
2023-11-07,5.55,4.91,4.53,4.58,4.75
2023-11-08,5.54,4.93,4.51,4.49,4.64
2023-11-09,5.54,5.03,4.65,4.62,4.77
2023-11-10,5.53,5.04,4.65,4.61,4.73
2023-11-13,5.55,5.02,4.66,4.63,4.75
2023-11-14,5.52,4.8,4.42,4.44,4.61
2023-11-15,5.53,4.9,4.52,4.53,4.68
2023-11-16,5.51,4.83,4.43,4.45,4.63
2023-11-17,5.5,4.88,4.45,4.44,4.59
2023-11-20,5.54,4.89,4.44,4.42,4.57
2023-11-21,5.53,4.86,4.41,4.41,4.57
2023-11-22,5.54,4.89,4.44,4.42,4.55
2023-11-24,5.54,4.92,4.49,4.47,4.6
2023-11-27,5.49,4.84,4.38,4.39,4.53
2023-11-28,5.47,4.73,4.29,4.34,4.52
2023-11-29,5.45,4.64,4.22,4.27,4.44
2023-11-30,5.45,4.73,4.31,4.37,4.54
2023-12-01,5.43,4.56,4.14,4.22,4.4
2023-12-04,5.46,4.64,4.23,4.28,4.43
2023-12-05,5.45,4.57,4.14,4.18,4.3
2023-12-06,5.45,4.6,4.12,4.12,4.22
2023-12-07,5.44,4.58,4.11,4.14,4.25
2023-12-08,5.44,4.71,4.24,4.23,4.31
2023-12-11,5.47,4.71,4.25,4.23,4.32
2023-12-12,5.46,4.73,4.23,4.2,4.3
2023-12-13,5.44,4.46,4.0,4.04,4.19
2023-12-14,5.43,4.37,3.9,3.92,4.03
2023-12-15,5.44,4.44,3.91,3.91,4.0
2023-12-18,5.46,4.43,3.94,3.95,4.05
2023-12-19,5.43,4.41,3.94,3.93,4.03
2023-12-20,5.44,4.34,3.86,3.86,3.98
2023-12-21,5.42,4.33,3.87,3.89,4.03
2023-12-22,5.44,4.31,3.87,3.9,4.05
2023-12-26,5.45,4.26,3.89,3.89,4.04
2023-12-27,5.44,4.2,3.78,3.79,3.95
2023-12-28,5.45,4.26,3.83,3.84,3.98
2023-12-29,5.4,4.23,3.84,3.88,4.03
2024-01-02,5.46,4.33,3.93,3.95,4.08
2024-01-03,5.48,4.33,3.9,3.91,4.05
2024-01-04,5.48,4.38,3.97,3.99,4.13
2024-01-05,5.47,4.4,4.02,4.05,4.21
2024-01-08,5.49,4.36,3.97,4.01,4.17
2024-01-09,5.47,4.36,3.97,4.02,4.18
2024-01-10,5.46,4.37,3.99,4.04,4.2
2024-01-11,5.46,4.26,3.9,3.98,4.18
2024-01-12,5.45,4.14,3.84,3.96,4.2
2024-01-16,5.45,4.22,3.95,4.07,4.3
2024-01-17,5.47,4.34,4.02,4.1,4.31
2024-01-18,5.45,4.34,4.04,4.14,4.37
2024-01-19,5.45,4.39,4.08,4.15,4.36
2024-01-22,5.46,4.37,4.03,4.11,4.32
2024-01-23,5.45,4.31,4.06,4.14,4.38
2024-01-24,5.44,4.34,4.06,4.18,4.41
2024-01-25,5.44,4.28,4.01,4.14,4.38
2024-01-26,5.44,4.34,4.04,4.15,4.38
2024-01-29,5.42,4.29,3.97,4.08,4.31
2024-01-30,5.42,4.36,4.0,4.06,4.28
2024-01-31,5.42,4.27,3.91,3.99,4.22
2024-02-01,5.42,4.2,3.8,3.87,4.1
2024-02-02,5.43,4.36,3.99,4.03,4.22
2024-02-05,5.42,4.46,4.13,4.17,4.35
2024-02-06,5.44,4.39,4.03,4.09,4.29
2024-02-07,5.43,4.41,4.06,4.09,4.31
2024-02-08,5.44,4.46,4.12,4.15,4.36
2024-02-09,5.44,4.48,4.14,4.17,4.37
2024-02-12,5.43,4.46,4.13,4.17,4.37
2024-02-13,5.45,4.64,4.31,4.31,4.46
2024-02-14,5.43,4.56,4.25,4.27,4.45
2024-02-15,5.43,4.56,4.22,4.24,4.42
2024-02-16,5.44,4.64,4.29,4.3,4.45
2024-02-20,5.44,4.59,4.25,4.27,4.44
2024-02-21,5.44,4.64,4.3,4.32,4.49
2024-02-22,5.45,4.69,4.33,4.33,4.47
2024-02-23,5.46,4.67,4.28,4.26,4.37
2024-02-26,5.47,4.69,4.29,4.28,4.4
2024-02-27,5.45,4.7,4.32,4.31,4.44
2024-02-28,5.45,4.64,4.26,4.27,4.4
2024-02-29,5.45,4.64,4.26,4.25,4.38
2024-03-01,5.42,4.54,4.17,4.19,4.33
2024-03-04,5.48,4.61,4.21,4.22,4.36
2024-03-05,5.47,4.54,4.13,4.13,4.27
2024-03-06,5.47,4.55,4.12,4.11,4.24
2024-03-07,5.47,4.5,4.07,4.09,4.25
2024-03-08,5.46,4.48,4.06,4.09,4.26
2024-03-11,5.48,4.51,4.08,4.1,4.26
2024-03-12,5.48,4.58,4.15,4.16,4.31
2024-03-13,5.48,4.61,4.19,4.19,4.35
2024-03-14,5.48,4.68,4.29,4.29,4.44
2024-03-15,5.48,4.72,4.33,4.31,4.43
2024-03-18,5.48,4.73,4.36,4.34,4.46
2024-03-19,5.48,4.68,4.31,4.3,4.44
2024-03-20,5.47,4.59,4.25,4.27,4.45
2024-03-21,5.48,4.62,4.26,4.27,4.44
2024-03-22,5.46,4.59,4.2,4.22,4.39
2024-03-25,5.46,4.54,4.23,4.25,4.42
2024-03-26,5.46,4.56,4.22,4.24,4.4
2024-03-27,5.45,4.54,4.18,4.2,4.36
2024-03-28,5.46,4.59,4.21,4.2,4.34
2024-04-01,5.44,4.72,4.34,4.33,4.47
2024-04-02,5.42,4.7,4.35,4.36,4.51
2024-04-03,5.42,4.68,4.34,4.36,4.51
2024-04-04,5.41,4.65,4.3,4.31,4.47
2024-04-05,5.43,4.73,4.38,4.39,4.54
2024-04-08,5.43,4.78,4.43,4.42,4.55
2024-04-09,5.43,4.74,4.37,4.36,4.5
2024-04-10,5.45,4.97,4.61,4.55,4.64
2024-04-11,5.45,4.93,4.61,4.56,4.65
2024-04-12,5.45,4.88,4.54,4.5,4.61
2024-04-15,5.45,4.93,4.65,4.63,4.74
2024-04-16,5.45,4.97,4.69,4.67,4.77
2024-04-17,5.45,4.93,4.62,4.59,4.71
2024-04-18,5.46,4.98,4.68,4.64,4.74
2024-04-19,5.45,4.97,4.66,4.62,4.72
2024-04-22,5.42,4.97,4.66,4.62,4.72
2024-04-23,5.45,4.86,4.63,4.61,4.73
2024-04-24,5.46,4.89,4.64,4.65,4.78
2024-04-25,5.47,4.96,4.7,4.7,4.82
2024-04-26,5.46,4.96,4.68,4.67,4.78
2024-04-29,5.45,4.97,4.65,4.63,4.75
2024-04-30,5.46,5.04,4.72,4.69,4.79
2024-05-01,5.46,4.96,4.64,4.63,4.74
2024-05-02,5.46,4.87,4.57,4.58,4.72
2024-05-03,5.45,4.81,4.48,4.5,4.66
2024-05-06,5.45,4.82,4.48,4.49,4.64
2024-05-07,5.45,4.82,4.48,4.47,4.61
2024-05-08,5.45,4.84,4.5,4.48,4.64
2024-05-09,5.46,4.8,4.47,4.45,4.6
2024-05-10,5.47,4.87,4.52,4.5,4.64
2024-05-13,5.45,4.85,4.5,4.48,4.63
2024-05-14,5.44,4.81,4.46,4.45,4.59
2024-05-15,5.45,4.73,4.35,4.36,4.52
2024-05-16,5.45,4.78,4.4,4.38,4.52
2024-05-17,5.46,4.83,4.44,4.42,4.56
2024-05-20,5.45,4.82,4.46,4.44,4.58
2024-05-21,5.45,4.82,4.43,4.41,4.55
2024-05-22,5.45,4.86,4.47,4.43,4.55
2024-05-23,5.46,4.91,4.52,4.47,4.58
2024-05-24,5.46,4.93,4.53,4.46,4.57
2024-05-28,5.46,4.94,4.56,4.54,4.66
2024-05-29,5.46,4.96,4.63,4.61,4.74
2024-05-30,5.46,4.92,4.57,4.55,4.69
2024-05-31,5.46,4.89,4.52,4.51,4.65
2024-06-03,5.52,4.82,4.42,4.41,4.55
2024-06-04,5.52,4.77,4.35,4.33,4.48
2024-06-05,5.51,4.72,4.31,4.29,4.44
2024-06-06,5.51,4.72,4.29,4.28,4.43
2024-06-07,5.52,4.87,4.46,4.43,4.55
2024-06-10,5.52,4.87,4.48,4.47,4.59
2024-06-11,5.52,4.81,4.41,4.39,4.53
2024-06-12,5.51,4.75,4.32,4.31,4.47
2024-06-13,5.51,4.68,4.24,4.24,4.4
2024-06-14,5.51,4.67,4.22,4.2,4.34
2024-06-17,5.52,4.75,4.3,4.28,4.4
2024-06-18,5.5,4.69,4.24,4.22,4.36
2024-06-20,5.5,4.7,4.26,4.25,4.39
2024-06-21,5.49,4.7,4.26,4.25,4.39
2024-06-24,5.5,4.71,4.27,4.25,4.38
2024-06-25,5.49,4.65,4.25,4.23,4.36
2024-06-26,5.5,4.71,4.32,4.32,4.45
2024-06-27,5.49,4.7,4.29,4.29,4.43
2024-06-28,5.48,4.71,4.33,4.36,4.51
2024-07-01,5.47,4.77,4.44,4.48,4.64
2024-07-02,5.47,4.74,4.39,4.43,4.6
2024-07-03,5.47,4.71,4.33,4.36,4.53
2024-07-05,5.46,4.6,4.22,4.28,4.47
2024-07-08,5.46,4.62,4.23,4.28,4.46
2024-07-09,5.46,4.62,4.24,4.3,4.49
2024-07-10,5.46,4.62,4.24,4.28,4.47
2024-07-11,5.44,4.5,4.13,4.2,4.41
2024-07-12,5.43,4.45,4.1,4.18,4.39
2024-07-15,5.43,4.44,4.13,4.23,4.46
2024-07-16,5.43,4.43,4.09,4.17,4.38
2024-07-17,5.43,4.42,4.07,4.16,4.37
2024-07-18,5.43,4.46,4.11,4.2,4.41
2024-07-19,5.43,4.49,4.16,4.25,4.45
2024-07-22,5.43,4.5,4.17,4.26,4.48
2024-07-23,5.41,4.4,4.15,4.25,4.48
2024-07-24,5.4,4.37,4.12,4.28,4.54
2024-07-25,5.39,4.41,4.13,4.27,4.5
2024-07-26,5.38,4.36,4.06,4.2,4.45
2024-07-29,5.41,4.36,4.05,4.17,4.42
2024-07-30,5.4,4.35,4.03,4.15,4.4
2024-07-31,5.41,4.29,3.97,4.09,4.35
2024-08-01,5.37,4.16,3.84,3.99,4.27
2024-08-02,5.29,3.88,3.62,3.8,4.11
2024-08-05,5.35,3.89,3.62,3.78,4.06
2024-08-06,5.34,3.99,3.73,3.9,4.18
2024-08-07,5.34,4.0,3.79,3.96,4.26
2024-08-08,5.34,4.04,3.83,3.99,4.28
2024-08-09,5.33,4.05,3.8,3.94,4.23
2024-08-12,5.33,4.01,3.75,3.9,4.19
2024-08-13,5.32,3.93,3.68,3.85,4.16
2024-08-14,5.32,3.94,3.67,3.83,4.12
2024-08-15,5.34,4.08,3.79,3.92,4.18
2024-08-16,5.33,4.06,3.77,3.89,4.15
2024-08-19,5.31,4.06,3.75,3.86,4.11
2024-08-20,5.29,3.99,3.7,3.82,4.07
2024-08-21,5.26,3.92,3.64,3.79,4.06
2024-08-22,5.28,3.99,3.72,3.86,4.13
2024-08-23,5.25,3.9,3.65,3.81,4.1
2024-08-26,5.24,3.91,3.66,3.82,4.11
2024-08-27,5.23,3.83,3.66,3.83,4.13
2024-08-28,5.21,3.83,3.63,3.84,4.13
2024-08-29,5.22,3.87,3.66,3.87,4.15
2024-08-30,5.21,3.91,3.71,3.91,4.2
2024-09-03,5.19,3.88,3.65,3.84,4.13
2024-09-04,5.18,3.76,3.56,3.77,4.06
2024-09-05,5.15,3.75,3.54,3.73,4.02
2024-09-06,5.13,3.66,3.5,3.72,4.03
2024-09-09,5.11,3.68,3.49,3.7,4.0
2024-09-10,5.06,3.59,3.43,3.65,3.97
2024-09-11,5.1,3.62,3.45,3.65,3.96
2024-09-12,5.06,3.64,3.47,3.68,4.0
2024-09-13,4.97,3.57,3.43,3.66,3.98
2024-09-16,4.96,3.56,3.41,3.63,3.94
2024-09-17,4.95,3.59,3.44,3.65,3.96
2024-09-18,4.84,3.61,3.47,3.7,4.03
2024-09-19,4.8,3.59,3.49,3.73,4.06
2024-09-20,4.75,3.55,3.48,3.73,4.07
2024-09-23,4.72,3.57,3.51,3.75,4.09
2024-09-24,4.69,3.49,3.47,3.74,4.09
2024-09-25,4.69,3.53,3.52,3.79,4.14
2024-09-26,4.68,3.6,3.55,3.79,4.12
2024-09-27,4.68,3.55,3.5,3.75,4.1
2024-09-30,4.73,3.66,3.58,3.81,4.14
2024-10-01,4.71,3.61,3.51,3.74,4.08
2024-10-02,4.69,3.63,3.55,3.79,4.14
2024-10-03,4.68,3.7,3.62,3.85,4.18
2024-10-04,4.73,3.93,3.81,3.98,4.26
2024-10-07,4.77,3.99,3.86,4.03,4.3
2024-10-08,4.75,3.98,3.86,4.04,4.32
2024-10-09,4.75,3.99,3.91,4.06,4.34
2024-10-10,4.75,3.98,3.91,4.09,4.38
2024-10-11,4.73,3.95,3.88,4.08,4.39
2024-10-15,4.73,3.95,3.86,4.03,4.32
2024-10-16,4.72,3.93,3.84,4.02,4.3
2024-10-17,4.74,3.96,3.9,4.09,4.39
2024-10-18,4.73,3.95,3.88,4.08,4.38
2024-10-21,4.73,4.02,3.98,4.19,4.49
2024-10-22,4.72,4.03,4.0,4.2,4.49
2024-10-23,4.73,4.07,4.05,4.24,4.51
2024-10-24,4.7,4.07,4.03,4.21,4.47
2024-10-25,4.73,4.11,4.07,4.25,4.51
2024-10-28,4.7,4.12,4.11,4.28,4.53
2024-10-29,4.7,4.11,4.11,4.28,4.52
2024-10-30,4.67,4.15,4.14,4.29,4.49
2024-10-31,4.64,4.16,4.15,4.28,4.47
2024-11-01,4.61,4.21,4.22,4.37,4.57
2024-11-04,4.65,4.17,4.17,4.31,4.5
2024-11-05,4.64,4.19,4.16,4.26,4.44
2024-11-06,4.64,4.27,4.27,4.42,4.6
2024-11-07,4.63,4.21,4.17,4.31,4.52
2024-11-08,4.63,4.26,4.2,4.3,4.47
2024-11-12,4.63,4.34,4.32,4.43,4.58
2024-11-13,4.6,4.27,4.3,4.44,4.63
2024-11-14,4.61,4.34,4.32,4.43,4.58
2024-11-15,4.6,4.31,4.3,4.43,4.6
2024-11-18,4.63,4.29,4.28,4.42,4.61
2024-11-19,4.62,4.27,4.25,4.39,4.57
2024-11-20,4.62,4.31,4.28,4.41,4.59
2024-11-21,4.63,4.34,4.3,4.43,4.61
2024-11-22,4.63,4.37,4.3,4.41,4.6
2024-11-25,4.62,4.21,4.17,4.27,4.45
2024-11-26,4.61,4.21,4.17,4.3,4.48
2024-11-27,4.6,4.19,4.11,4.25,4.44
2024-11-29,4.58,4.13,4.05,4.18,4.36
2024-12-02,4.51,4.17,4.08,4.19,4.36
2024-12-03,4.49,4.17,4.11,4.23,4.4
2024-12-04,4.47,4.13,4.07,4.19,4.35
2024-12-05,4.46,4.15,4.07,4.17,4.33
2024-12-06,4.42,4.1,4.03,4.15,4.34
2024-12-09,4.42,4.13,4.07,4.2,4.39
2024-12-10,4.41,4.15,4.09,4.22,4.41
2024-12-11,4.38,4.15,4.13,4.26,4.48
2024-12-12,4.35,4.18,4.18,4.32,4.55
2024-12-13,4.34,4.25,4.25,4.4,4.61
2024-12-16,4.37,4.25,4.25,4.39,4.6
2024-12-17,4.38,4.25,4.26,4.4,4.59
2024-12-18,4.36,4.35,4.4,4.5,4.65
2024-12-19,4.35,4.32,4.43,4.57,4.74
2024-12-20,4.34,4.3,4.37,4.52,4.72
2024-12-23,4.36,4.3,4.44,4.59,4.78
2024-12-24,4.4,4.29,4.43,4.59,4.76
2024-12-26,4.35,4.3,4.42,4.58,4.76
2024-12-27,4.31,4.31,4.45,4.62,4.82
2024-12-30,4.37,4.24,4.37,4.55,4.77
2024-12-31,4.37,4.25,4.38,4.58,4.78
2025-01-02,4.36,4.25,4.38,4.57,4.79
2025-01-03,4.34,4.28,4.41,4.6,4.82
2025-01-06,4.35,4.28,4.42,4.62,4.85
2025-01-07,4.35,4.3,4.46,4.67,4.91
2025-01-08,4.35,4.28,4.45,4.67,4.91
2025-01-09,4.35,4.27,4.46,4.68,4.92
2025-01-10,4.36,4.4,4.59,4.77,4.96
2025-01-13,4.37,4.4,4.61,4.79,4.97
2025-01-14,4.36,4.37,4.59,4.78,4.98
2025-01-15,4.35,4.27,4.45,4.66,4.88
2025-01-16,4.34,4.23,4.39,4.61,4.84
2025-01-17,4.34,4.27,4.42,4.61,4.84
2025-01-21,4.36,4.29,4.4,4.57,4.8
2025-01-22,4.36,4.29,4.43,4.6,4.82
2025-01-23,4.36,4.29,4.45,4.65,4.87
2025-01-24,4.35,4.27,4.43,4.63,4.85
2025-01-27,4.32,4.17,4.32,4.53,4.76
2025-01-28,4.31,4.19,4.33,4.55,4.78
2025-01-29,4.31,4.21,4.35,4.55,4.79
2025-01-30,4.3,4.18,4.31,4.52,4.76
2025-01-31,4.31,4.22,4.36,4.58,4.83
2025-02-03,4.34,4.26,4.35,4.54,4.77
2025-02-04,4.33,4.21,4.31,4.52,4.75
2025-02-05,4.33,4.17,4.24,4.43,4.64
2025-02-06,4.34,4.21,4.28,4.45,4.65
2025-02-07,4.35,4.29,4.34,4.49,4.69
2025-02-10,4.35,4.28,4.34,4.51,4.71
2025-02-11,4.35,4.29,4.37,4.54,4.75
2025-02-12,4.35,4.36,4.48,4.62,4.83
2025-02-13,4.34,4.31,4.39,4.52,4.72
2025-02-14,4.34,4.26,4.33,4.47,4.69
2025-02-18,4.34,4.29,4.4,4.55,4.77
2025-02-19,4.34,4.28,4.37,4.53,4.76
2025-02-20,4.33,4.28,4.34,4.5,4.74
2025-02-21,4.32,4.19,4.26,4.42,4.67
2025-02-24,4.31,4.13,4.23,4.4,4.66
2025-02-25,4.3,4.07,4.12,4.3,4.55
2025-02-26,4.31,4.05,4.06,4.25,4.51
2025-02-27,4.32,4.07,4.09,4.29,4.56
2025-02-28,4.32,3.99,4.03,4.24,4.51
2025-03-03,4.35,3.96,3.97,4.16,4.45
2025-03-04,4.34,3.96,4.01,4.22,4.53
2025-03-05,4.35,3.99,4.08,4.28,4.57
2025-03-06,4.34,3.96,4.06,4.29,4.58
2025-03-07,4.34,3.99,4.09,4.32,4.62
2025-03-10,4.33,3.89,3.98,4.22,4.54
2025-03-11,4.34,3.94,4.03,4.28,4.59
2025-03-12,4.35,4.01,4.09,4.32,4.63
2025-03-13,4.34,3.94,4.02,4.27,4.59
2025-03-14,4.33,4.02,4.09,4.31,4.62
2025-03-17,4.34,4.06,4.11,4.31,4.6
2025-03-18,4.34,4.04,4.07,4.29,4.58
2025-03-19,4.33,3.99,4.03,4.25,4.56
2025-03-20,4.33,3.95,4.01,4.24,4.55
2025-03-21,4.33,3.94,4.0,4.25,4.59
2025-03-24,4.33,4.04,4.09,4.34,4.66
2025-03-25,4.33,3.96,4.07,4.31,4.65
2025-03-26,4.33,3.98,4.08,4.35,4.69
2025-03-27,4.33,3.97,4.09,4.38,4.73
2025-03-28,4.33,3.89,3.98,4.27,4.64
2025-03-31,4.32,3.89,3.96,4.23,4.59
2025-04-01,4.32,3.87,3.91,4.17,4.52
2025-04-02,4.32,3.91,3.95,4.2,4.54
2025-04-03,4.31,3.71,3.75,4.06,4.49
2025-04-04,4.28,3.68,3.72,4.01,4.41
2025-04-07,4.29,3.73,3.82,4.15,4.58
2025-04-08,4.31,3.71,3.88,4.26,4.71
2025-04-09,4.35,3.91,4.06,4.34,4.72
2025-04-10,4.34,3.84,4.04,4.4,4.86
2025-04-11,4.34,3.96,4.15,4.48,4.85
2025-04-14,4.33,3.84,4.02,4.38,4.8
2025-04-15,4.33,3.84,3.98,4.35,4.79
2025-04-16,4.33,3.77,3.91,4.29,4.74
2025-04-17,4.34,3.81,3.95,4.34,4.8
2025-04-21,4.34,3.75,3.97,4.42,4.91
2025-04-22,4.33,3.76,3.98,4.41,4.88
2025-04-23,4.33,3.81,4.0,4.4,4.83
2025-04-24,4.32,3.77,3.91,4.32,4.77
2025-04-25,4.32,3.74,3.88,4.29,4.74
2025-04-28,4.32,3.67,3.81,4.23,4.69
2025-04-29,4.31,3.65,3.77,4.19,4.64
2025-04-30,4.31,3.6,3.72,4.17,4.66
2025-05-01,4.31,3.7,3.81,4.25,4.74
2025-05-02,4.33,3.83,3.92,4.33,4.79
2025-05-05,4.33,3.83,3.95,4.36,4.83
2025-05-06,4.33,3.78,3.9,4.3,4.81
2025-05-07,4.34,3.78,3.87,4.26,4.77
2025-05-08,4.34,3.9,4.0,4.37,4.83
2025-05-09,4.34,3.88,4.0,4.37,4.83
2025-05-12,4.42,3.98,4.09,4.45,4.89
2025-05-13,4.41,4.02,4.12,4.49,4.94
2025-05-14,4.41,4.05,4.17,4.53,4.97
2025-05-15,4.38,3.96,4.07,4.45,4.91
2025-05-16,4.37,3.98,4.06,4.43,4.89
2025-05-19,4.39,3.97,4.07,4.46,4.92
2025-05-20,4.38,3.97,4.07,4.48,4.96
2025-05-21,4.36,4.0,4.15,4.58,5.08
2025-05-22,4.37,4.0,4.11,4.54,5.05
2025-05-23,4.36,4.0,4.08,4.51,5.04
2025-05-27,4.35,3.92,4.04,4.43,4.94
2025-05-28,4.35,3.96,4.05,4.47,4.97
2025-05-29,4.36,3.92,4.0,4.43,4.92
2025-05-30,4.36,3.89,3.96,4.41,4.92
2025-06-02,4.44,3.94,4.01,4.46,4.99
2025-06-03,4.43,3.96,4.04,4.46,4.98
2025-06-04,4.44,3.87,3.93,4.37,4.89
2025-06-05,4.44,3.92,3.99,4.4,4.88
2025-06-06,4.43,4.04,4.13,4.51,4.97
2025-06-09,4.44,4.01,4.09,4.49,4.95
2025-06-10,4.45,4.01,4.08,4.47,4.93
2025-06-11,4.45,3.94,4.02,4.41,4.91
2025-06-12,4.46,3.9,3.97,4.36,4.84
2025-06-13,4.45,3.96,4.02,4.41,4.9
2025-06-16,4.43,3.97,4.04,4.46,4.96
2025-06-17,4.42,3.94,3.99,4.39,4.88
2025-06-18,4.42,3.94,3.98,4.38,4.88
2025-06-20,4.39,3.9,3.96,4.38,4.89
2025-06-23,4.38,3.84,3.91,4.34,4.87
2025-06-24,4.38,3.75,3.86,4.3,4.83
2025-06-25,4.38,3.74,3.83,4.29,4.83
2025-06-26,4.39,3.7,3.79,4.26,4.81
2025-06-27,4.39,3.73,3.83,4.29,4.85
2025-06-30,4.41,3.72,3.79,4.24,4.78
2025-07-01,4.4,3.78,3.84,4.26,4.78
2025-07-02,4.41,3.78,3.87,4.3,4.82
2025-07-03,4.42,3.88,3.94,4.35,4.86
2025-07-07,4.42,3.9,3.96,4.4,4.92
2025-07-08,4.42,3.9,3.99,4.42,4.94
2025-07-09,4.42,3.86,3.92,4.34,4.87
2025-07-10,4.42,3.86,3.93,4.35,4.86
2025-07-11,4.41,3.9,3.99,4.43,4.96
2025-07-14,4.42,3.9,3.98,4.43,4.97
2025-07-15,4.42,3.95,4.05,4.5,5.01
2025-07-16,4.41,3.88,3.99,4.46,5.01
2025-07-17,4.41,3.91,4.01,4.47,5.01
2025-07-18,4.4,3.88,3.96,4.44,5.0
2025-07-21,4.41,3.85,3.91,4.38,4.94
2025-07-22,4.41,3.83,3.88,4.35,4.9
2025-07-23,4.41,3.88,3.94,4.4,4.95
2025-07-24,4.42,3.91,3.98,4.43,4.96
2025-07-25,4.42,3.91,3.95,4.4,4.92
2025-07-28,4.4,3.91,3.96,4.42,4.96
2025-07-29,4.4,3.86,3.9,4.34,4.86
2025-07-30,4.41,3.94,3.96,4.38,4.89
2025-07-31,4.41,3.94,3.96,4.37,4.89
2025-08-01,4.35,3.69,3.77,4.23,4.81
2025-08-04,4.35,3.69,3.75,4.22,4.8
2025-08-05,4.34,3.72,3.77,4.22,4.78
2025-08-06,4.32,3.69,3.77,4.22,4.81
2025-08-07,4.32,3.72,3.79,4.23,4.81
2025-08-08,4.32,3.76,3.84,4.27,4.85
2025-08-11,4.34,3.76,3.83,4.27,4.84
2025-08-12,4.33,3.72,3.83,4.29,4.88
2025-08-13,4.29,3.67,3.77,4.24,4.83
2025-08-14,4.3,3.74,3.82,4.29,4.88
2025-08-15,4.3,3.75,3.85,4.33,4.92
2025-08-18,4.33,3.77,3.86,4.34,4.94
2025-08-19,4.3,3.75,3.82,4.3,4.9
2025-08-20,4.3,3.74,3.81,4.29,4.89
2025-08-21,4.32,3.79,3.86,4.33,4.92
2025-08-22,4.27,3.68,3.76,4.26,4.88
2025-08-25,4.29,3.73,3.8,4.28,4.89
2025-08-26,4.28,3.61,3.75,4.26,4.9
2025-08-27,4.26,3.59,3.69,4.24,4.91
2025-08-28,4.26,3.62,3.69,4.22,4.88
2025-08-29,4.23,3.59,3.68,4.23,4.92
2025-09-02,4.2,3.66,3.74,4.28,4.97
2025-09-03,4.18,3.61,3.69,4.22,4.9
2025-09-04,4.16,3.59,3.65,4.17,4.86
2025-09-05,4.07,3.51,3.59,4.1,4.78
2025-09-08,4.1,3.49,3.57,4.05,4.69
2025-09-09,4.1,3.54,3.61,4.08,4.72
2025-09-10,4.09,3.54,3.59,4.04,4.69
2025-09-11,4.08,3.52,3.59,4.01,4.65
2025-09-12,4.08,3.56,3.63,4.06,4.68
2025-09-15,4.06,3.54,3.61,4.05,4.66
2025-09-16,4.04,3.51,3.59,4.04,4.65
2025-09-17,4.02,3.52,3.62,4.06,4.66
2025-09-18,4.03,3.57,3.67,4.11,4.72
2025-09-19,4.03,3.57,3.68,4.14,4.75
2025-09-22,4.0,3.61,3.71,4.15,4.77
2025-09-23,4.0,3.53,3.68,4.12,4.73
2025-09-24,4.02,3.57,3.7,4.16,4.76
2025-09-25,4.04,3.64,3.75,4.18,4.75
2025-09-26,4.02,3.63,3.76,4.2,4.77
2025-09-29,4.04,3.63,3.74,4.15,4.71
2025-09-30,4.02,3.6,3.74,4.16,4.73
2025-10-01,4.01,3.55,3.68,4.12,4.72
2025-10-02,4.02,3.55,3.67,4.1,4.69
2025-10-03,4.03,3.58,3.72,4.13,4.71
2025-10-06,4.02,3.6,3.75,4.18,4.76
2025-10-07,4.01,3.57,3.71,4.14,4.73
2025-10-08,4.01,3.58,3.72,4.13,4.72
2025-10-09,4.03,3.6,3.74,4.14,4.72
2025-10-10,4.02,3.52,3.65,4.05,4.63
2025-10-14,4.02,3.48,3.6,4.03,4.62
2025-10-15,4.03,3.5,3.63,4.05,4.64
2025-10-16,4.02,3.41,3.55,3.99,4.58
2025-10-17,4.0,3.46,3.59,4.02,4.6
2025-10-20,3.97,3.46,3.58,4.0,4.58
2025-10-21,3.96,3.45,3.56,3.98,4.55
2025-10-22,3.96,3.45,3.56,3.97,4.54
2025-10-23,3.95,3.48,3.61,4.01,4.58
2025-10-24,3.93,3.48,3.61,4.02,4.59
2025-10-27,3.89,3.48,3.61,4.01,4.57
2025-10-28,3.89,3.47,3.6,3.99,4.55
2025-10-29,3.93,3.59,3.7,4.08,4.61
2025-10-30,3.92,3.61,3.72,4.11,4.65
2025-10-31,3.89,3.6,3.71,4.11,4.67
2025-11-03,3.98,3.6,3.72,4.13,4.69
2025-11-04,3.96,3.58,3.69,4.1,4.67
2025-11-05,3.96,3.63,3.76,4.17,4.74
2025-11-06,3.93,3.57,3.69,4.11,4.69
2025-11-07,3.92,3.55,3.67,4.11,4.7
2025-11-10,3.95,3.58,3.72,4.13,4.71
2025-11-12,3.95,3.56,3.68,4.08,4.67
2025-11-13,3.96,3.58,3.71,4.11,4.7
2025-11-14,3.95,3.62,3.74,4.14,4.74
2025-11-17,3.97,3.6,3.72,4.13,4.73
2025-11-18,3.94,3.58,3.7,4.12,4.74
2025-11-19,3.95,3.58,3.71,4.13,4.75
2025-11-20,3.94,3.55,3.68,4.1,4.73
2025-11-21,3.9,3.51,3.62,4.06,4.71
2025-11-24,3.91,3.46,3.61,4.04,4.68
2025-11-25,3.9,3.43,3.55,4.01,4.67
2025-11-26,3.92,3.45,3.56,4.0,4.64
2025-11-28,3.88,3.47,3.59,4.02,4.67
2025-12-01,3.81,3.54,3.67,4.09,4.74
2025-12-02,3.77,3.51,3.66,4.09,4.74
2025-12-03,3.72,3.49,3.62,4.06,4.73
2025-12-04,3.71,3.52,3.68,4.11,4.76
2025-12-05,3.71,3.56,3.72,4.14,4.79
2025-12-08,3.73,3.57,3.75,4.17,4.81
2025-12-09,3.73,3.61,3.78,4.18,4.8
2025-12-10,3.69,3.54,3.72,4.13,4.78
2025-12-11,3.66,3.52,3.72,4.14,4.79
2025-12-12,3.63,3.52,3.75,4.19,4.85
2025-12-15,3.65,3.51,3.73,4.18,4.84
2025-12-16,3.64,3.48,3.69,4.15,4.82
2025-12-17,3.64,3.49,3.7,4.16,4.83
2025-12-18,3.62,3.46,3.66,4.12,4.8
2025-12-19,3.62,3.48,3.7,4.16,4.82
2025-12-22,3.64,3.44,3.71,4.17,4.84
2025-12-23,3.65,3.48,3.72,4.18,4.83
2025-12-24,3.69,3.47,3.7,4.15,4.79
2025-12-26,3.64,3.46,3.68,4.14,4.81
2025-12-29,3.68,3.45,3.67,4.12,4.8
2025-12-30,3.65,3.45,3.68,4.14,4.81
2025-12-31,3.67,3.47,3.73,4.18,4.84
2026-01-02,3.65,3.47,3.74,4.19,4.86
2026-01-05,3.64,3.46,3.71,4.17,4.85
2026-01-06,3.63,3.47,3.72,4.18,4.86
2026-01-07,3.62,3.47,3.7,4.15,4.82
2026-01-08,3.62,3.49,3.74,4.19,4.85
2026-01-09,3.62,3.54,3.75,4.18,4.82
2026-01-12,3.67,3.54,3.77,4.19,4.83
2026-01-13,3.67,3.53,3.75,4.18,4.83
2026-01-14,3.67,3.51,3.72,4.15,4.79
2026-01-15,3.68,3.56,3.77,4.17,4.79
2026-01-16,3.67,3.59,3.82,4.24,4.83
2026-01-20,3.7,3.6,3.86,4.3,4.91
2026-01-21,3.7,3.6,3.83,4.26,4.87
2026-01-22,3.71,3.61,3.85,4.26,4.84
2026-01-23,3.7,3.6,3.84,4.24,4.82
2026-01-26,3.67,3.56,3.82,4.22,4.8
2026-01-27,3.67,3.53,3.81,4.24,4.83
2026-01-28,3.68,3.56,3.83,4.26,4.85
2026-01-29,3.67,3.53,3.8,4.24,4.85
2026-01-30,3.67,3.52,3.79,4.26,4.87
2026-02-02,3.69,3.57,3.83,4.29,4.9
2026-02-03,3.69,3.57,3.83,4.28,4.9
2026-02-04,3.69,3.57,3.83,4.29,4.91
2026-02-05,3.67,3.47,3.74,4.21,4.85
2026-02-06,3.68,3.5,3.76,4.22,4.85
2026-02-09,3.69,3.48,3.75,4.22,4.85
2026-02-10,3.69,3.45,3.7,4.16,4.78
2026-02-11,3.7,3.52,3.75,4.18,4.82
2026-02-12,3.7,3.47,3.67,4.09,4.72
2026-02-13,3.68,3.4,3.61,4.04,4.69
2026-02-17,3.69,3.43,3.63,4.05,4.68
2026-02-18,3.7,3.47,3.66,4.09,4.71
2026-02-19,3.69,3.47,3.65,4.08,4.7
2026-02-20,3.69,3.48,3.65,4.08,4.72
2026-02-23,3.69,3.43,3.59,4.03,4.7
2026-02-24,3.69,3.43,3.61,4.04,4.7
2026-02-25,3.69,3.45,3.61,4.05,4.7
2026-02-26,3.68,3.42,3.57,4.02,4.67
2026-02-27,3.67,3.38,3.51,3.97,4.64
2026-03-02,3.72,3.47,3.62,4.05,4.7
2026-03-03,3.71,3.51,3.63,4.06,4.7
2026-03-04,3.71,3.54,3.67,4.09,4.72
2026-03-05,3.7,3.57,3.72,4.13,4.74
2026-03-06,3.69,3.56,3.72,4.15,4.77
2026-03-09,3.71,3.56,3.71,4.12,4.72
2026-03-10,3.71,3.57,3.73,4.15,4.78
2026-03-11,3.71,3.64,3.79,4.21,4.86
2026-03-12,3.72,3.76,3.88,4.27,4.88
2026-03-13,3.72,3.73,3.87,4.28,4.9
2026-03-16,3.72,3.68,3.8,4.23,4.86
2026-03-17,3.72,3.68,3.79,4.2,4.85
2026-03-18,3.73,3.76,3.87,4.26,4.88
2026-03-19,3.73,3.79,3.88,4.25,4.83
2026-03-20,3.74,3.88,4.01,4.39,4.96
2026-03-23,3.74,3.83,3.95,4.34,4.91
2026-03-24,3.74,3.9,4.03,4.39,4.94
2026-03-25,3.73,3.84,3.96,4.33,4.89
2026-03-26,3.73,3.96,4.08,4.42,4.93
2026-03-27,3.73,3.88,4.06,4.44,4.98
2026-03-30,3.71,3.82,3.97,4.35,4.91
2026-03-31,3.7,3.79,3.92,4.3,4.88
2026-04-01,3.7,3.81,3.97,4.33,4.91
2026-04-02,3.7,3.79,3.94,4.31,4.88
2026-04-03,3.71,3.84,3.99,4.35,4.91
2026-04-06,3.72,3.84,3.98,4.34,4.89
2026-04-07,3.71,3.81,3.95,4.33,4.9
2026-04-08,3.69,3.79,3.92,4.29,4.89
2026-04-09,3.68,3.78,3.91,4.29,4.9
2026-04-10,3.69,3.81,3.94,4.31,4.91
2026-04-13,3.71,3.78,3.92,4.3,4.9
2026-04-14,3.71,3.76,3.87,4.26,4.87
2026-04-15,3.71,3.76,3.9,4.29,4.89
2026-04-16,3.7,3.78,3.91,4.32,4.93
2026-04-17,3.7,3.71,3.84,4.26,4.88
2026-04-20,3.71,3.72,3.86,4.26,4.88
2026-04-21,3.69,3.78,3.91,4.3,4.89
2026-04-22,3.69,3.79,3.91,4.3,4.9
2026-04-23,3.69,3.83,3.96,4.34,4.92
2026-04-24,3.69,3.78,3.92,4.31,4.91
2026-04-27,3.68,3.78,3.94,4.35,4.94
2026-04-28,3.68,3.84,3.97,4.36,4.94
2026-04-29,3.68,3.92,4.05,4.42,4.98
2026-04-30,3.68,3.88,4.02,4.4,4.98
2026-05-01,3.68,3.88,4.02,4.39,4.97
2026-05-04,3.7,3.95,4.08,4.45,5.02
2026-05-05,3.69,3.93,4.08,4.43,4.98
2026-05-06,3.69,3.87,3.99,4.36,4.94
2026-05-07,3.69,3.92,4.04,4.41,4.97
2026-05-08,3.69,3.9,4.02,4.38,4.95
2026-05-11,3.7,3.95,4.07,4.42,4.98
2026-05-12,3.7,4.0,4.12,4.46,5.03
2026-05-13,3.69,3.98,4.12,4.46,5.03
2026-05-14,3.69,4.0,4.13,4.47,5.02
2026-05-15,3.69,4.09,4.26,4.59,5.12
2026-05-18,3.68,4.07,4.27,4.61,5.14
2026-05-19,3.67,4.13,4.32,4.67,5.18
2026-05-20,3.65,4.04,4.22,4.57,5.11
2026-05-21,3.68,4.08,4.25,4.57,5.1
2026-05-22,3.68,4.13,4.27,4.56,5.07
2026-05-26,3.68,4.01,4.19,4.5,5.03
2026-05-27,3.68,4.0,4.17,4.48,5.01
2026-05-28,3.69,3.99,4.15,4.45,4.98
2026-05-29,3.69,3.98,4.13,4.45,4.99
2026-06-01,3.78,4.05,4.18,4.47,4.99
2026-06-02,3.77,4.05,4.17,4.46,4.97
2026-06-03,3.78,4.08,4.21,4.49,4.99
2026-06-04,3.78,4.05,4.18,4.47,4.97
2026-06-05,3.78,4.17,4.29,4.55,5.01
2026-06-08,3.8,4.15,4.29,4.56,5.03
2026-06-09,3.79,4.13,4.26,4.53,5.01
2026-06-10,3.79,4.13,4.27,4.55,5.03
2026-06-11,3.78,4.05,4.18,4.45,4.95
2026-06-12,3.78,4.09,4.21,4.48,4.97
2026-06-15,3.79,4.07,4.18,4.47,4.97
2026-06-16,3.79,4.05,4.16,4.43,4.93
2026-06-17,3.83,4.2,4.27,4.49,4.93
2026-06-18,3.83,4.19,4.23,4.46,4.9
2026-06-22,3.85,4.24,4.29,4.51,4.95
2026-06-23,3.85,4.16,4.27,4.5,4.94
2026-06-24,3.85,4.11,4.17,4.41,4.86
2026-06-25,3.84,4.09,4.15,4.4,4.86
2026-06-26,3.83,4.07,4.12,4.38,4.87
2026-06-29,3.87,4.1,4.14,4.38,4.86
2026-06-30,3.87,4.14,4.19,4.44,4.91
2026-07-01,3.85,4.17,4.24,4.48,4.97
